name,label
cd_cd_60_vertical.jpg,Chronic Dermatitis
cd_cd_70_vertical.jpg,Chronic Dermatitis
cd_cd_58.jpg,Chronic Dermatitis
cd_cd_17rotated180.jpg,Chronic Dermatitis
cd_cd_27_horizontal.jpg,Chronic Dermatitis
cd_cd_31_horizontal.jpg,Chronic Dermatitis
cd_cd_32_horizontal.jpg,Chronic Dermatitis
cd_cd_14rotated90.jpg,Chronic Dermatitis
cd_cd_68_vertical.jpg,Chronic Dermatitis
cd_cd_20_vertical.jpg,Chronic Dermatitis
cd_cd_59_horizontal.jpg,Chronic Dermatitis
cd_cd_27_horivertical.jpg,Chronic Dermatitis
cd_cd_67_vertical.jpg,Chronic Dermatitis
cd_cd_53.jpg,Chronic Dermatitis
cd_cd_34rotated90.jpg,Chronic Dermatitis
cd_cd_54_horivertical.jpg,Chronic Dermatitis
cd_cd_28_horizontal.jpg,Chronic Dermatitis
cd_cd_62_vertical.jpg,Chronic Dermatitis
cd_cd_61_horivertical.jpg,Chronic Dermatitis
cd_cd_42.jpg,Chronic Dermatitis
cd_cd_38rotated180.jpg,Chronic Dermatitis
cd_cd_26_horizontal.jpg,Chronic Dermatitis
cd_cd_66rotated180.jpg,Chronic Dermatitis
cd_cd_1rotated270.jpg,Chronic Dermatitis
cd_cd_13_horivertical.jpg,Chronic Dermatitis
cd_cd_78.jpg,Chronic Dermatitis
cd_cd_30rotated90.jpg,Chronic Dermatitis
cd_cd_8_horivertical.jpg,Chronic Dermatitis
cd_cd_48_horizontal.jpg,Chronic Dermatitis
cd_cd_59_horivertical.jpg,Chronic Dermatitis
cd_cd_8rotated270.jpg,Chronic Dermatitis
cd_cd_54_horizontal.jpg,Chronic Dermatitis
cd_cd_73rotated270.jpg,Chronic Dermatitis
cd_cd_10rotated180.jpg,Chronic Dermatitis
cd_cd_14rotated180.jpg,Chronic Dermatitis
cd_cd_47rotated180.jpg,Chronic Dermatitis
cd_cd_65_horizontal.jpg,Chronic Dermatitis
cd_cd_48.jpg,Chronic Dermatitis
cd_cd_44.jpg,Chronic Dermatitis
cd_cd_43_vertical.jpg,Chronic Dermatitis
cd_cd_42_horivertical.jpg,Chronic Dermatitis
cd_cd_6rotated180.jpg,Chronic Dermatitis
cd_cd_26_vertical.jpg,Chronic Dermatitis
cd_cd_65rotated270.jpg,Chronic Dermatitis
cd_cd_34_horizontal.jpg,Chronic Dermatitis
cd_cd_58_horivertical.jpg,Chronic Dermatitis
cd_cd_28_vertical.jpg,Chronic Dermatitis
cd_cd_39_vertical.jpg,Chronic Dermatitis
cd_cd_73rotated90.jpg,Chronic Dermatitis
cd_cd_43_horivertical.jpg,Chronic Dermatitis
cd_cd_46_vertical.jpg,Chronic Dermatitis
cd_cd_24_horizontal.jpg,Chronic Dermatitis
cd_cd_10_horivertical.jpg,Chronic Dermatitis
cd_cd_41_horivertical.jpg,Chronic Dermatitis
cd_cd_50rotated270.jpg,Chronic Dermatitis
cd_cd_3rotated180.jpg,Chronic Dermatitis
cd_cd_6_horizontal.jpg,Chronic Dermatitis
cd_cd_77_vertical.jpg,Chronic Dermatitis
cd_cd_35rotated180.jpg,Chronic Dermatitis
cd_cd_62_horizontal.jpg,Chronic Dermatitis
cd_cd_54.jpg,Chronic Dermatitis
cd_cd_56.jpg,Chronic Dermatitis
cd_cd_20rotated90.jpg,Chronic Dermatitis
cd_cd_13_horizontal.jpg,Chronic Dermatitis
cd_cd_45_horizontal.jpg,Chronic Dermatitis
cd_cd_5rotated270.jpg,Chronic Dermatitis
cd_cd_35_vertical.jpg,Chronic Dermatitis
cd_cd_64rotated180.jpg,Chronic Dermatitis
cd_cd_35rotated270.jpg,Chronic Dermatitis
cd_cd_13rotated270.jpg,Chronic Dermatitis
cd_cd_50rotated90.jpg,Chronic Dermatitis
cd_cd_56_vertical.jpg,Chronic Dermatitis
cd_cd_63.jpg,Chronic Dermatitis
cd_cd_53rotated90.jpg,Chronic Dermatitis
cd_cd_4rotated90.jpg,Chronic Dermatitis
cd_cd_72rotated270.jpg,Chronic Dermatitis
cd_cd_81_horizontal.jpg,Chronic Dermatitis
cd_cd_71_horizontal.jpg,Chronic Dermatitis
cd_cd_71.jpg,Chronic Dermatitis
cd_cd_2.jpg,Chronic Dermatitis
cd_cd_35.jpg,Chronic Dermatitis
cd_cd_26rotated180.jpg,Chronic Dermatitis
cd_cd_72_horivertical.jpg,Chronic Dermatitis
cd_cd_41_vertical.jpg,Chronic Dermatitis
cd_cd_2_horizontal.jpg,Chronic Dermatitis
cd_cd_21_horizontal.jpg,Chronic Dermatitis
cd_cd_23.jpg,Chronic Dermatitis
cd_cd_5rotated180.jpg,Chronic Dermatitis
cd_cd_67rotated180.jpg,Chronic Dermatitis
cd_cd_3_horizontal.jpg,Chronic Dermatitis
cd_cd_36rotated270.jpg,Chronic Dermatitis
cd_cd_67_horivertical.jpg,Chronic Dermatitis
cd_cd_65_vertical.jpg,Chronic Dermatitis
cd_cd_62rotated270.jpg,Chronic Dermatitis
cd_cd_21rotated180.jpg,Chronic Dermatitis
cd_cd_58_vertical.jpg,Chronic Dermatitis
cd_cd_65rotated90.jpg,Chronic Dermatitis
cd_cd_18rotated180.jpg,Chronic Dermatitis
cd_cd_16rotated270.jpg,Chronic Dermatitis
cd_cd_38_horivertical.jpg,Chronic Dermatitis
cd_cd_36.jpg,Chronic Dermatitis
cd_cd_11rotated90.jpg,Chronic Dermatitis
cd_cd_31rotated90.jpg,Chronic Dermatitis
cd_cd_48rotated90.jpg,Chronic Dermatitis
cd_cd_41rotated270.jpg,Chronic Dermatitis
cd_cd_4_vertical.jpg,Chronic Dermatitis
cd_cd_49rotated90.jpg,Chronic Dermatitis
cd_cd_15_horizontal.jpg,Chronic Dermatitis
cd_cd_40.jpg,Chronic Dermatitis
cd_cd_77_horizontal.jpg,Chronic Dermatitis
cd_cd_80.jpg,Chronic Dermatitis
cd_cd_25.jpg,Chronic Dermatitis
cd_cd_65_horivertical.jpg,Chronic Dermatitis
cd_cd_61_vertical.jpg,Chronic Dermatitis
cd_cd_43rotated180.jpg,Chronic Dermatitis
cd_cd_30rotated180.jpg,Chronic Dermatitis
cd_cd_42rotated180.jpg,Chronic Dermatitis
cd_cd_69.jpg,Chronic Dermatitis
cd_cd_32rotated90.jpg,Chronic Dermatitis
cd_cd_70rotated180.jpg,Chronic Dermatitis
cd_cd_21.jpg,Chronic Dermatitis
cd_cd_23rotated180.jpg,Chronic Dermatitis
cd_cd_10_horizontal.jpg,Chronic Dermatitis
cd_cd_42_vertical.jpg,Chronic Dermatitis
cd_cd_2rotated270.jpg,Chronic Dermatitis
cd_cd_58rotated270.jpg,Chronic Dermatitis
cd_cd_18rotated90.jpg,Chronic Dermatitis
cd_cd_50rotated180.jpg,Chronic Dermatitis
cd_cd_51rotated180.jpg,Chronic Dermatitis
cd_cd_1rotated180.jpg,Chronic Dermatitis
cd_cd_73_horizontal.jpg,Chronic Dermatitis
cd_cd_31rotated180.jpg,Chronic Dermatitis
cd_cd_41_horizontal.jpg,Chronic Dermatitis
cd_cd_21rotated270.jpg,Chronic Dermatitis
cd_cd_33rotated90.jpg,Chronic Dermatitis
cd_cd_37.jpg,Chronic Dermatitis
cd_cd_76rotated180.jpg,Chronic Dermatitis
cd_cd_22rotated90.jpg,Chronic Dermatitis
cd_cd_71rotated90.jpg,Chronic Dermatitis
cd_cd_70rotated90.jpg,Chronic Dermatitis
cd_cd_44rotated270.jpg,Chronic Dermatitis
cd_cd_69_horivertical.jpg,Chronic Dermatitis
cd_cd_51rotated270.jpg,Chronic Dermatitis
cd_cd_3.jpg,Chronic Dermatitis
cd_cd_38.jpg,Chronic Dermatitis
cd_cd_19rotated90.jpg,Chronic Dermatitis
cd_cd_63rotated180.jpg,Chronic Dermatitis
cd_cd_68rotated270.jpg,Chronic Dermatitis
cd_cd_55rotated270.jpg,Chronic Dermatitis
cd_cd_19rotated180.jpg,Chronic Dermatitis
cd_cd_62_horivertical.jpg,Chronic Dermatitis
cd_cd_13_vertical.jpg,Chronic Dermatitis
cd_cd_70_horizontal.jpg,Chronic Dermatitis
cd_cd_39_horizontal.jpg,Chronic Dermatitis
cd_cd_19_horivertical.jpg,Chronic Dermatitis
cd_cd_33rotated270.jpg,Chronic Dermatitis
cd_cd_23_horizontal.jpg,Chronic Dermatitis
cd_cd_3rotated270.jpg,Chronic Dermatitis
cd_cd_33_horivertical.jpg,Chronic Dermatitis
cd_cd_2_horivertical.jpg,Chronic Dermatitis
cd_cd_25_horivertical.jpg,Chronic Dermatitis
cd_cd_47.jpg,Chronic Dermatitis
cd_cd_13rotated180.jpg,Chronic Dermatitis
cd_cd_73_horivertical.jpg,Chronic Dermatitis
cd_cd_22.jpg,Chronic Dermatitis
cd_cd_51_horivertical.jpg,Chronic Dermatitis
cd_cd_50.jpg,Chronic Dermatitis
cd_cd_70rotated270.jpg,Chronic Dermatitis
cd_cd_17_horivertical.jpg,Chronic Dermatitis
cd_cd_14_horivertical.jpg,Chronic Dermatitis
cd_cd_3_horivertical.jpg,Chronic Dermatitis
cd_cd_63rotated90.jpg,Chronic Dermatitis
cd_cd_40rotated180.jpg,Chronic Dermatitis
cd_cd_72rotated180.jpg,Chronic Dermatitis
cd_cd_37_horivertical.jpg,Chronic Dermatitis
cd_cd_75_vertical.jpg,Chronic Dermatitis
cd_cd_24_horivertical.jpg,Chronic Dermatitis
cd_cd_66_vertical.jpg,Chronic Dermatitis
cd_cd_64_horizontal.jpg,Chronic Dermatitis
cd_cd_8rotated180.jpg,Chronic Dermatitis
cd_cd_81_vertical.jpg,Chronic Dermatitis
cd_cd_14_vertical.jpg,Chronic Dermatitis
cd_cd_19_vertical.jpg,Chronic Dermatitis
cd_cd_73.jpg,Chronic Dermatitis
cd_cd_50_horivertical.jpg,Chronic Dermatitis
cd_cd_46rotated90.jpg,Chronic Dermatitis
cd_cd_78_horivertical.jpg,Chronic Dermatitis
cd_cd_77_horivertical.jpg,Chronic Dermatitis
cd_cd_57_vertical.jpg,Chronic Dermatitis
cd_cd_47_horizontal.jpg,Chronic Dermatitis
cd_cd_42_horizontal.jpg,Chronic Dermatitis
cd_cd_76rotated90.jpg,Chronic Dermatitis
cd_cd_72_vertical.jpg,Chronic Dermatitis
cd_cd_75rotated180.jpg,Chronic Dermatitis
cd_cd_25_horizontal.jpg,Chronic Dermatitis
cd_cd_81rotated90.jpg,Chronic Dermatitis
cd_cd_80_horizontal.jpg,Chronic Dermatitis
cd_cd_81rotated270.jpg,Chronic Dermatitis
cd_cd_68_horizontal.jpg,Chronic Dermatitis
cd_cd_69_horizontal.jpg,Chronic Dermatitis
cd_cd_20rotated270.jpg,Chronic Dermatitis
cd_cd_57rotated270.jpg,Chronic Dermatitis
cd_cd_4_horivertical.jpg,Chronic Dermatitis
cd_cd_14_horizontal.jpg,Chronic Dermatitis
cd_cd_17rotated270.jpg,Chronic Dermatitis
cd_cd_39rotated180.jpg,Chronic Dermatitis
cd_cd_1rotated90.jpg,Chronic Dermatitis
cd_cd_78rotated270.jpg,Chronic Dermatitis
cd_cd_14.jpg,Chronic Dermatitis
cd_cd_28.jpg,Chronic Dermatitis
cd_cd_1_vertical.jpg,Chronic Dermatitis
cd_cd_18_horizontal.jpg,Chronic Dermatitis
cd_cd_66.jpg,Chronic Dermatitis
cd_cd_53_horizontal.jpg,Chronic Dermatitis
cd_cd_60rotated270.jpg,Chronic Dermatitis
cd_cd_60rotated90.jpg,Chronic Dermatitis
cd_cd_68_horivertical.jpg,Chronic Dermatitis
cd_cd_43.jpg,Chronic Dermatitis
cd_cd_55_vertical.jpg,Chronic Dermatitis
cd_cd_53_vertical.jpg,Chronic Dermatitis
cd_cd_23rotated90.jpg,Chronic Dermatitis
cd_cd_63_horivertical.jpg,Chronic Dermatitis
cd_cd_18_vertical.jpg,Chronic Dermatitis
cd_cd_71rotated180.jpg,Chronic Dermatitis
cd_cd_5rotated90.jpg,Chronic Dermatitis
cd_cd_54_vertical.jpg,Chronic Dermatitis
cd_cd_19.jpg,Chronic Dermatitis
cd_cd_58rotated180.jpg,Chronic Dermatitis
cd_cd_76.jpg,Chronic Dermatitis
cd_cd_30rotated270.jpg,Chronic Dermatitis
cd_cd_60_horivertical.jpg,Chronic Dermatitis
cd_cd_27rotated270.jpg,Chronic Dermatitis
cd_cd_45rotated180.jpg,Chronic Dermatitis
cd_cd_39.jpg,Chronic Dermatitis
cd_cd_76_vertical.jpg,Chronic Dermatitis
cd_cd_6rotated90.jpg,Chronic Dermatitis
cd_cd_17rotated90.jpg,Chronic Dermatitis
cd_cd_31_vertical.jpg,Chronic Dermatitis
cd_cd_81rotated180.jpg,Chronic Dermatitis
cd_cd_28_horivertical.jpg,Chronic Dermatitis
cd_cd_7_horizontal.jpg,Chronic Dermatitis
cd_cd_62rotated180.jpg,Chronic Dermatitis
cd_cd_80rotated90.jpg,Chronic Dermatitis
cd_cd_69_vertical.jpg,Chronic Dermatitis
cd_cd_24_vertical.jpg,Chronic Dermatitis
cd_cd_71_horivertical.jpg,Chronic Dermatitis
cd_cd_38_vertical.jpg,Chronic Dermatitis
cd_cd_37rotated180.jpg,Chronic Dermatitis
cd_cd_68.jpg,Chronic Dermatitis
cd_cd_1_horizontal.jpg,Chronic Dermatitis
cd_cd_52rotated270.jpg,Chronic Dermatitis
cd_cd_59rotated180.jpg,Chronic Dermatitis
cd_cd_65.jpg,Chronic Dermatitis
cd_cd_52rotated90.jpg,Chronic Dermatitis
cd_cd_15_horivertical.jpg,Chronic Dermatitis
cd_cd_22_horivertical.jpg,Chronic Dermatitis
cd_cd_48rotated180.jpg,Chronic Dermatitis
cd_cd_53rotated180.jpg,Chronic Dermatitis
cd_cd_8_horizontal.jpg,Chronic Dermatitis
cd_cd_26_horivertical.jpg,Chronic Dermatitis
cd_cd_54rotated270.jpg,Chronic Dermatitis
cd_cd_37_horizontal.jpg,Chronic Dermatitis
cd_cd_31_horivertical.jpg,Chronic Dermatitis
cd_cd_61_horizontal.jpg,Chronic Dermatitis
cd_cd_66_horizontal.jpg,Chronic Dermatitis
cd_cd_64rotated90.jpg,Chronic Dermatitis
cd_cd_8rotated90.jpg,Chronic Dermatitis
cd_cd_49_horizontal.jpg,Chronic Dermatitis
cd_cd_81_horivertical.jpg,Chronic Dermatitis
cd_cd_52rotated180.jpg,Chronic Dermatitis
cd_cd_40_horivertical.jpg,Chronic Dermatitis
cd_cd_36_horivertical.jpg,Chronic Dermatitis
cd_cd_14rotated270.jpg,Chronic Dermatitis
cd_cd_53rotated270.jpg,Chronic Dermatitis
cd_cd_57.jpg,Chronic Dermatitis
cd_cd_68rotated180.jpg,Chronic Dermatitis
cd_cd_16_horivertical.jpg,Chronic Dermatitis
cd_cd_80rotated270.jpg,Chronic Dermatitis
cd_cd_38_horizontal.jpg,Chronic Dermatitis
cd_cd_63_vertical.jpg,Chronic Dermatitis
cd_cd_37rotated270.jpg,Chronic Dermatitis
cd_cd_4rotated270.jpg,Chronic Dermatitis
cd_cd_32_vertical.jpg,Chronic Dermatitis
cd_cd_54rotated90.jpg,Chronic Dermatitis
cd_cd_75.jpg,Chronic Dermatitis
cd_cd_13rotated90.jpg,Chronic Dermatitis
cd_cd_18_horivertical.jpg,Chronic Dermatitis
cd_cd_3_vertical.jpg,Chronic Dermatitis
cd_cd_77rotated90.jpg,Chronic Dermatitis
cd_cd_77.jpg,Chronic Dermatitis
cd_cd_50_horizontal.jpg,Chronic Dermatitis
cd_cd_25rotated270.jpg,Chronic Dermatitis
cd_cd_50_vertical.jpg,Chronic Dermatitis
cd_cd_22rotated270.jpg,Chronic Dermatitis
cd_cd_59rotated90.jpg,Chronic Dermatitis
cd_cd_11rotated180.jpg,Chronic Dermatitis
cd_cd_74rotated180.jpg,Chronic Dermatitis
cd_cd_24rotated270.jpg,Chronic Dermatitis
cd_cd_68rotated90.jpg,Chronic Dermatitis
cd_cd_74_vertical.jpg,Chronic Dermatitis
cd_cd_20_horivertical.jpg,Chronic Dermatitis
cd_cd_70.jpg,Chronic Dermatitis
cd_cd_49.jpg,Chronic Dermatitis
cd_cd_28rotated90.jpg,Chronic Dermatitis
cd_cd_78rotated90.jpg,Chronic Dermatitis
cd_cd_16_horizontal.jpg,Chronic Dermatitis
cd_cd_24.jpg,Chronic Dermatitis
cd_cd_46_horizontal.jpg,Chronic Dermatitis
cd_cd_15rotated180.jpg,Chronic Dermatitis
cd_cd_19_horizontal.jpg,Chronic Dermatitis
cd_cd_57rotated180.jpg,Chronic Dermatitis
cd_cd_16rotated90.jpg,Chronic Dermatitis
cd_cd_69rotated270.jpg,Chronic Dermatitis
cd_cd_47_vertical.jpg,Chronic Dermatitis
cd_cd_11_horivertical.jpg,Chronic Dermatitis
cd_cd_78rotated180.jpg,Chronic Dermatitis
cd_cd_2rotated180.jpg,Chronic Dermatitis
cd_cd_5.jpg,Chronic Dermatitis
cd_cd_60rotated180.jpg,Chronic Dermatitis
cd_cd_6_horivertical.jpg,Chronic Dermatitis
cd_cd_38rotated270.jpg,Chronic Dermatitis
cd_cd_65rotated180.jpg,Chronic Dermatitis
cd_cd_22_vertical.jpg,Chronic Dermatitis
cd_cd_35_horizontal.jpg,Chronic Dermatitis
cd_cd_56_horivertical.jpg,Chronic Dermatitis
cd_cd_15.jpg,Chronic Dermatitis
cd_cd_16rotated180.jpg,Chronic Dermatitis
cd_cd_44rotated90.jpg,Chronic Dermatitis
cd_cd_15rotated90.jpg,Chronic Dermatitis
cd_cd_58_horizontal.jpg,Chronic Dermatitis
cd_cd_67_horizontal.jpg,Chronic Dermatitis
cd_cd_60.jpg,Chronic Dermatitis
cd_cd_55_horivertical.jpg,Chronic Dermatitis
cd_cd_10.jpg,Chronic Dermatitis
cd_cd_44rotated180.jpg,Chronic Dermatitis
cd_cd_5_horivertical.jpg,Chronic Dermatitis
cd_cd_30.jpg,Chronic Dermatitis
cd_cd_41rotated180.jpg,Chronic Dermatitis
cd_cd_67rotated90.jpg,Chronic Dermatitis
cd_cd_33.jpg,Chronic Dermatitis
cd_cd_78_vertical.jpg,Chronic Dermatitis
cd_cd_27rotated90.jpg,Chronic Dermatitis
cd_cd_26.jpg,Chronic Dermatitis
cd_cd_33_vertical.jpg,Chronic Dermatitis
cd_cd_5_vertical.jpg,Chronic Dermatitis
cd_cd_21_horivertical.jpg,Chronic Dermatitis
cd_cd_54rotated180.jpg,Chronic Dermatitis
cd_cd_20rotated180.jpg,Chronic Dermatitis
cd_cd_64rotated270.jpg,Chronic Dermatitis
cd_cd_34_vertical.jpg,Chronic Dermatitis
cd_cd_30_vertical.jpg,Chronic Dermatitis
cd_cd_72rotated90.jpg,Chronic Dermatitis
cd_cd_52_horivertical.jpg,Chronic Dermatitis
cd_cd_39_horivertical.jpg,Chronic Dermatitis
cd_cd_80_horivertical.jpg,Chronic Dermatitis
cd_cd_27.jpg,Chronic Dermatitis
cd_cd_67rotated270.jpg,Chronic Dermatitis
cd_cd_47_horivertical.jpg,Chronic Dermatitis
cd_cd_20_horizontal.jpg,Chronic Dermatitis
cd_cd_17_horizontal.jpg,Chronic Dermatitis
cd_cd_43_horizontal.jpg,Chronic Dermatitis
cd_cd_37rotated90.jpg,Chronic Dermatitis
cd_cd_69rotated180.jpg,Chronic Dermatitis
cd_cd_42rotated90.jpg,Chronic Dermatitis
cd_cd_7rotated180.jpg,Chronic Dermatitis
cd_cd_80_vertical.jpg,Chronic Dermatitis
cd_cd_11.jpg,Chronic Dermatitis
cd_cd_72_horizontal.jpg,Chronic Dermatitis
cd_cd_66rotated270.jpg,Chronic Dermatitis
cd_cd_32_horivertical.jpg,Chronic Dermatitis
cd_cd_61rotated270.jpg,Chronic Dermatitis
cd_cd_18.jpg,Chronic Dermatitis
cd_cd_18rotated270.jpg,Chronic Dermatitis
cd_cd_74rotated90.jpg,Chronic Dermatitis
cd_cd_55_horizontal.jpg,Chronic Dermatitis
cd_cd_6.jpg,Chronic Dermatitis
cd_cd_34_horivertical.jpg,Chronic Dermatitis
cd_cd_59.jpg,Chronic Dermatitis
cd_cd_55rotated90.jpg,Chronic Dermatitis
cd_cd_40_horizontal.jpg,Chronic Dermatitis
cd_cd_34rotated180.jpg,Chronic Dermatitis
cd_cd_17.jpg,Chronic Dermatitis
cd_cd_51.jpg,Chronic Dermatitis
cd_cd_7rotated270.jpg,Chronic Dermatitis
cd_cd_36_horizontal.jpg,Chronic Dermatitis
cd_cd_28rotated180.jpg,Chronic Dermatitis
cd_cd_53_horivertical.jpg,Chronic Dermatitis
cd_cd_1_horivertical.jpg,Chronic Dermatitis
cd_cd_32.jpg,Chronic Dermatitis
cd_cd_45rotated270.jpg,Chronic Dermatitis
cd_cd_17_vertical.jpg,Chronic Dermatitis
cd_cd_46rotated180.jpg,Chronic Dermatitis
cd_cd_11rotated270.jpg,Chronic Dermatitis
cd_cd_16.jpg,Chronic Dermatitis
cd_cd_32rotated270.jpg,Chronic Dermatitis
cd_cd_75_horivertical.jpg,Chronic Dermatitis
cd_cd_48rotated270.jpg,Chronic Dermatitis
cd_cd_74rotated270.jpg,Chronic Dermatitis
cd_cd_43rotated270.jpg,Chronic Dermatitis
cd_cd_4rotated180.jpg,Chronic Dermatitis
cd_cd_8_vertical.jpg,Chronic Dermatitis
cd_cd_47rotated90.jpg,Chronic Dermatitis
cd_cd_34rotated270.jpg,Chronic Dermatitis
cd_cd_15_vertical.jpg,Chronic Dermatitis
cd_cd_43rotated90.jpg,Chronic Dermatitis
cd_cd_56_horizontal.jpg,Chronic Dermatitis
cd_cd_58rotated90.jpg,Chronic Dermatitis
cd_cd_55.jpg,Chronic Dermatitis
cd_cd_1.jpg,Chronic Dermatitis
cd_cd_39rotated90.jpg,Chronic Dermatitis
cd_cd_21_vertical.jpg,Chronic Dermatitis
cd_cd_75rotated270.jpg,Chronic Dermatitis
cd_cd_62.jpg,Chronic Dermatitis
cd_cd_71_vertical.jpg,Chronic Dermatitis
cd_cd_48_horivertical.jpg,Chronic Dermatitis
cd_cd_13.jpg,Chronic Dermatitis
cd_cd_75_horizontal.jpg,Chronic Dermatitis
cd_cd_34.jpg,Chronic Dermatitis
cd_cd_74_horivertical.jpg,Chronic Dermatitis
cd_cd_28rotated270.jpg,Chronic Dermatitis
cd_cd_74_horizontal.jpg,Chronic Dermatitis
cd_cd_31.jpg,Chronic Dermatitis
cd_cd_30_horizontal.jpg,Chronic Dermatitis
cd_cd_59_vertical.jpg,Chronic Dermatitis
cd_cd_2_vertical.jpg,Chronic Dermatitis
cd_cd_11_vertical.jpg,Chronic Dermatitis
cd_cd_5_horizontal.jpg,Chronic Dermatitis
cd_cd_37_vertical.jpg,Chronic Dermatitis
cd_cd_10rotated270.jpg,Chronic Dermatitis
cd_cd_70_horivertical.jpg,Chronic Dermatitis
cd_cd_2rotated90.jpg,Chronic Dermatitis
cd_cd_46.jpg,Chronic Dermatitis
cd_cd_8.jpg,Chronic Dermatitis
cd_cd_75rotated90.jpg,Chronic Dermatitis
cd_cd_73_vertical.jpg,Chronic Dermatitis
cd_cd_21rotated90.jpg,Chronic Dermatitis
cd_cd_61rotated90.jpg,Chronic Dermatitis
cd_cd_51rotated90.jpg,Chronic Dermatitis
cd_cd_15rotated270.jpg,Chronic Dermatitis
cd_cd_77rotated180.jpg,Chronic Dermatitis
cd_cd_56rotated180.jpg,Chronic Dermatitis
cd_cd_72.jpg,Chronic Dermatitis
cd_cd_61.jpg,Chronic Dermatitis
cd_cd_16_vertical.jpg,Chronic Dermatitis
cd_cd_56rotated90.jpg,Chronic Dermatitis
cd_cd_48_vertical.jpg,Chronic Dermatitis
cd_cd_81.jpg,Chronic Dermatitis
cd_cd_77rotated270.jpg,Chronic Dermatitis
cd_cd_41rotated90.jpg,Chronic Dermatitis
cd_cd_62rotated90.jpg,Chronic Dermatitis
cd_cd_60_horizontal.jpg,Chronic Dermatitis
cd_cd_23rotated270.jpg,Chronic Dermatitis
cd_cd_45.jpg,Chronic Dermatitis
cd_cd_36rotated90.jpg,Chronic Dermatitis
cd_cd_51_horizontal.jpg,Chronic Dermatitis
cd_cd_45_horivertical.jpg,Chronic Dermatitis
cd_cd_6_vertical.jpg,Chronic Dermatitis
cd_cd_39rotated270.jpg,Chronic Dermatitis
cd_cd_69rotated90.jpg,Chronic Dermatitis
cd_cd_76_horizontal.jpg,Chronic Dermatitis
cd_cd_35_horivertical.jpg,Chronic Dermatitis
cd_cd_7_horivertical.jpg,Chronic Dermatitis
cd_cd_26rotated90.jpg,Chronic Dermatitis
cd_cd_19rotated270.jpg,Chronic Dermatitis
cd_cd_44_horivertical.jpg,Chronic Dermatitis
cd_cd_45_vertical.jpg,Chronic Dermatitis
cd_cd_57_horivertical.jpg,Chronic Dermatitis
cd_cd_35rotated90.jpg,Chronic Dermatitis
cd_cd_40_vertical.jpg,Chronic Dermatitis
cd_cd_46_horivertical.jpg,Chronic Dermatitis
cd_cd_31rotated270.jpg,Chronic Dermatitis
cd_cd_78_horizontal.jpg,Chronic Dermatitis
cd_cd_11_horizontal.jpg,Chronic Dermatitis
cd_cd_63_horizontal.jpg,Chronic Dermatitis
cd_cd_57rotated90.jpg,Chronic Dermatitis
cd_cd_64.jpg,Chronic Dermatitis
cd_cd_67.jpg,Chronic Dermatitis
cd_cd_6rotated270.jpg,Chronic Dermatitis
cd_cd_24rotated180.jpg,Chronic Dermatitis
cd_cd_64_vertical.jpg,Chronic Dermatitis
cd_cd_33rotated180.jpg,Chronic Dermatitis
cd_cd_26rotated270.jpg,Chronic Dermatitis
cd_cd_7rotated90.jpg,Chronic Dermatitis
cd_cd_44_vertical.jpg,Chronic Dermatitis
cd_cd_46rotated270.jpg,Chronic Dermatitis
cd_cd_47rotated270.jpg,Chronic Dermatitis
cd_cd_40rotated270.jpg,Chronic Dermatitis
cd_cd_22_horizontal.jpg,Chronic Dermatitis
cd_cd_71rotated270.jpg,Chronic Dermatitis
cd_cd_52.jpg,Chronic Dermatitis
cd_cd_44_horizontal.jpg,Chronic Dermatitis
cd_cd_40rotated90.jpg,Chronic Dermatitis
cd_cd_57_horizontal.jpg,Chronic Dermatitis
cd_cd_4.jpg,Chronic Dermatitis
cd_cd_74.jpg,Chronic Dermatitis
cd_cd_38rotated90.jpg,Chronic Dermatitis
cd_cd_73rotated180.jpg,Chronic Dermatitis
cd_cd_59rotated270.jpg,Chronic Dermatitis
cd_cd_76_horivertical.jpg,Chronic Dermatitis
cd_cd_49rotated180.jpg,Chronic Dermatitis
cd_cd_36_vertical.jpg,Chronic Dermatitis
cd_cd_42rotated270.jpg,Chronic Dermatitis
cd_cd_20.jpg,Chronic Dermatitis
cd_cd_30_horivertical.jpg,Chronic Dermatitis
cd_cd_45rotated90.jpg,Chronic Dermatitis
cd_cd_25_vertical.jpg,Chronic Dermatitis
cd_cd_63rotated270.jpg,Chronic Dermatitis
cd_cd_56rotated270.jpg,Chronic Dermatitis
cd_cd_27rotated180.jpg,Chronic Dermatitis
cd_cd_3rotated90.jpg,Chronic Dermatitis
cd_cd_80rotated180.jpg,Chronic Dermatitis
cd_cd_66_horivertical.jpg,Chronic Dermatitis
cd_cd_22rotated180.jpg,Chronic Dermatitis
cd_cd_33_horizontal.jpg,Chronic Dermatitis
cd_cd_52_vertical.jpg,Chronic Dermatitis
cd_cd_49rotated270.jpg,Chronic Dermatitis
cd_cd_64_horivertical.jpg,Chronic Dermatitis
cd_cd_10_vertical.jpg,Chronic Dermatitis
cd_cd_51_vertical.jpg,Chronic Dermatitis
cd_cd_23_horivertical.jpg,Chronic Dermatitis
cd_cd_49_vertical.jpg,Chronic Dermatitis
cd_cd_76rotated270.jpg,Chronic Dermatitis
cd_cd_55rotated180.jpg,Chronic Dermatitis
cd_cd_7.jpg,Chronic Dermatitis
cd_cd_52_horizontal.jpg,Chronic Dermatitis
cd_cd_36rotated180.jpg,Chronic Dermatitis
cd_cd_25rotated90.jpg,Chronic Dermatitis
cd_cd_49_horivertical.jpg,Chronic Dermatitis
cd_cd_41.jpg,Chronic Dermatitis
cd_cd_24rotated90.jpg,Chronic Dermatitis
cd_cd_61rotated180.jpg,Chronic Dermatitis
cd_cd_27_vertical.jpg,Chronic Dermatitis
cd_cd_32rotated180.jpg,Chronic Dermatitis
cd_cd_23_vertical.jpg,Chronic Dermatitis
cd_cd_10rotated90.jpg,Chronic Dermatitis
cd_cd_66rotated90.jpg,Chronic Dermatitis
cd_cd_4_horizontal.jpg,Chronic Dermatitis
cd_cd_7_vertical.jpg,Chronic Dermatitis
cd_cd_25rotated180.jpg,Chronic Dermatitis
lp_83.jpg,Lichen Planus
lp_83rotated180.jpg,Lichen Planus
lp_62_vertical.jpg,Lichen Planus
lp_29_vertical.jpg,Lichen Planus
lp_57_horivertical.jpg,Lichen Planus
lp_54_vertical.jpg,Lichen Planus
lp_18_vertical.jpg,Lichen Planus
lp_54rotated90.jpg,Lichen Planus
lp_63.jpg,Lichen Planus
lp_63rotated180.jpg,Lichen Planus
lp_26rotated180.jpg,Lichen Planus
lp_48rotated180.jpg,Lichen Planus
lp_86_horivertical.jpg,Lichen Planus
lp_78rotated90.jpg,Lichen Planus
lp_30_horivertical.jpg,Lichen Planus
lp_17_horizontal.jpg,Lichen Planus
lp_33rotated180.jpg,Lichen Planus
lp_35.jpg,Lichen Planus
lp_44rotated180.jpg,Lichen Planus
lp_60.jpg,Lichen Planus
lp_1_vertical.jpg,Lichen Planus
lp_7rotated180.jpg,Lichen Planus
lp_20_horizontal.jpg,Lichen Planus
lp_15_horizontal.jpg,Lichen Planus
lp_88.jpg,Lichen Planus
lp_9.jpg,Lichen Planus
lp_51_vertical.jpg,Lichen Planus
lp_29rotated180.jpg,Lichen Planus
lp_53.jpg,Lichen Planus
lp_38rotated270.jpg,Lichen Planus
lp_84rotated180.jpg,Lichen Planus
lp_84_horivertical.jpg,Lichen Planus
lp_7_horizontal.jpg,Lichen Planus
lp_49rotated90.jpg,Lichen Planus
lp_51_horizontal.jpg,Lichen Planus
lp_9_horizontal.jpg,Lichen Planus
lp_67_horivertical.jpg,Lichen Planus
lp_45rotated90.jpg,Lichen Planus
lp_51_horivertical.jpg,Lichen Planus
lp_79rotated180.jpg,Lichen Planus
lp_43rotated90.jpg,Lichen Planus
lp_65_horivertical.jpg,Lichen Planus
lp_67.jpg,Lichen Planus
lp_65rotated180.jpg,Lichen Planus
lp_85_horivertical.jpg,Lichen Planus
lp_85_vertical.jpg,Lichen Planus
lp_37rotated90.jpg,Lichen Planus
lp_39rotated90.jpg,Lichen Planus
lp_66rotated90.jpg,Lichen Planus
lp_70.jpg,Lichen Planus
lp_34rotated180.jpg,Lichen Planus
lp_24_vertical.jpg,Lichen Planus
lp_24_horizontal.jpg,Lichen Planus
lp_8rotated270.jpg,Lichen Planus
lp_9rotated180.jpg,Lichen Planus
lp_44_horivertical.jpg,Lichen Planus
lp_20_vertical.jpg,Lichen Planus
lp_85.jpg,Lichen Planus
lp_60rotated270.jpg,Lichen Planus
lp_5_horizontal.jpg,Lichen Planus
lp_19_vertical.jpg,Lichen Planus
lp_13_horizontal.jpg,Lichen Planus
lp_66.jpg,Lichen Planus
lp_83_vertical.jpg,Lichen Planus
lp_35_horizontal.jpg,Lichen Planus
lp_57rotated270.jpg,Lichen Planus
lp_80_horivertical.jpg,Lichen Planus
lp_77rotated270.jpg,Lichen Planus
lp_72.jpg,Lichen Planus
lp_26_vertical.jpg,Lichen Planus
lp_18rotated90.jpg,Lichen Planus
lp_14rotated180.jpg,Lichen Planus
lp_52_horizontal.jpg,Lichen Planus
lp_9_horivertical.jpg,Lichen Planus
lp_87rotated90.jpg,Lichen Planus
lp_23_vertical.jpg,Lichen Planus
lp_49rotated270.jpg,Lichen Planus
lp_77_horizontal.jpg,Lichen Planus
lp_11rotated270.jpg,Lichen Planus
lp_45.jpg,Lichen Planus
lp_37.jpg,Lichen Planus
lp_59_horivertical.jpg,Lichen Planus
lp_62_horivertical.jpg,Lichen Planus
lp_41rotated90.jpg,Lichen Planus
lp_70_horivertical.jpg,Lichen Planus
lp_33_horivertical.jpg,Lichen Planus
lp_49_horizontal.jpg,Lichen Planus
lp_53rotated270.jpg,Lichen Planus
lp_80rotated90.jpg,Lichen Planus
lp_57_vertical.jpg,Lichen Planus
lp_61_vertical.jpg,Lichen Planus
lp_9rotated270.jpg,Lichen Planus
lp_40_horivertical.jpg,Lichen Planus
lp_24.jpg,Lichen Planus
lp_5rotated270.jpg,Lichen Planus
lp_40rotated90.jpg,Lichen Planus
lp_49.jpg,Lichen Planus
lp_1rotated180.jpg,Lichen Planus
lp_54_horivertical.jpg,Lichen Planus
lp_43_vertical.jpg,Lichen Planus
lp_35_vertical.jpg,Lichen Planus
lp_30_horizontal.jpg,Lichen Planus
lp_33rotated90.jpg,Lichen Planus
lp_51.jpg,Lichen Planus
lp_70_horizontal.jpg,Lichen Planus
lp_17rotated180.jpg,Lichen Planus
lp_52.jpg,Lichen Planus
lp_50rotated180.jpg,Lichen Planus
lp_10rotated90.jpg,Lichen Planus
lp_38_horizontal.jpg,Lichen Planus
lp_71rotated180.jpg,Lichen Planus
lp_7.jpg,Lichen Planus
lp_34_vertical.jpg,Lichen Planus
lp_30rotated270.jpg,Lichen Planus
lp_47_horizontal.jpg,Lichen Planus
lp_20.jpg,Lichen Planus
lp_45_horivertical.jpg,Lichen Planus
lp_48rotated90.jpg,Lichen Planus
lp_80rotated180.jpg,Lichen Planus
lp_48.jpg,Lichen Planus
lp_33_horizontal.jpg,Lichen Planus
lp_46rotated90.jpg,Lichen Planus
lp_27.jpg,Lichen Planus
lp_69rotated90.jpg,Lichen Planus
lp_43_horizontal.jpg,Lichen Planus
lp_78_horizontal.jpg,Lichen Planus
lp_84_vertical.jpg,Lichen Planus
lp_41.jpg,Lichen Planus
lp_22.jpg,Lichen Planus
lp_17.jpg,Lichen Planus
lp_21rotated270.jpg,Lichen Planus
lp_22rotated180.jpg,Lichen Planus
lp_71_vertical.jpg,Lichen Planus
lp_75.jpg,Lichen Planus
lp_82rotated270.jpg,Lichen Planus
lp_20rotated90.jpg,Lichen Planus
lp_38_horivertical.jpg,Lichen Planus
lp_8.jpg,Lichen Planus
lp_76_horivertical.jpg,Lichen Planus
lp_12rotated270.jpg,Lichen Planus
lp_62.jpg,Lichen Planus
lp_65.jpg,Lichen Planus
lp_8_vertical.jpg,Lichen Planus
lp_1rotated90.jpg,Lichen Planus
lp_10_horizontal.jpg,Lichen Planus
lp_49_vertical.jpg,Lichen Planus
lp_57.jpg,Lichen Planus
lp_79_vertical.jpg,Lichen Planus
lp_86_horizontal.jpg,Lichen Planus
lp_50rotated270.jpg,Lichen Planus
lp_20rotated180.jpg,Lichen Planus
lp_8_horizontal.jpg,Lichen Planus
lp_41_horivertical.jpg,Lichen Planus
lp_83rotated270.jpg,Lichen Planus
lp_69rotated180.jpg,Lichen Planus
lp_32rotated180.jpg,Lichen Planus
lp_42rotated270.jpg,Lichen Planus
lp_23rotated180.jpg,Lichen Planus
lp_59_horizontal.jpg,Lichen Planus
lp_79rotated90.jpg,Lichen Planus
lp_56rotated90.jpg,Lichen Planus
lp_58rotated90.jpg,Lichen Planus
lp_14_vertical.jpg,Lichen Planus
lp_55rotated180.jpg,Lichen Planus
lp_2_vertical.jpg,Lichen Planus
lp_46_vertical.jpg,Lichen Planus
lp_34rotated90.jpg,Lichen Planus
lp_16rotated270.jpg,Lichen Planus
lp_81_horizontal.jpg,Lichen Planus
lp_71rotated270.jpg,Lichen Planus
lp_86_vertical.jpg,Lichen Planus
lp_74rotated180.jpg,Lichen Planus
lp_2_horivertical.jpg,Lichen Planus
lp_82.jpg,Lichen Planus
lp_7rotated90.jpg,Lichen Planus
lp_77_horivertical.jpg,Lichen Planus
lp_39_vertical.jpg,Lichen Planus
lp_40_vertical.jpg,Lichen Planus
lp_1_horizontal.jpg,Lichen Planus
lp_79_horizontal.jpg,Lichen Planus
lp_37_horivertical.jpg,Lichen Planus
lp_16_horivertical.jpg,Lichen Planus
lp_2.jpg,Lichen Planus
lp_75rotated90.jpg,Lichen Planus
lp_70rotated180.jpg,Lichen Planus
lp_69.jpg,Lichen Planus
lp_19_horizontal.jpg,Lichen Planus
lp_13rotated180.jpg,Lichen Planus
lp_39.jpg,Lichen Planus
lp_26_horivertical.jpg,Lichen Planus
lp_2rotated90.jpg,Lichen Planus
lp_55_horizontal.jpg,Lichen Planus
lp_17rotated90.jpg,Lichen Planus
lp_35_horivertical.jpg,Lichen Planus
lp_16_vertical.jpg,Lichen Planus
lp_47rotated90.jpg,Lichen Planus
lp_45rotated180.jpg,Lichen Planus
lp_28_horizontal.jpg,Lichen Planus
lp_15rotated180.jpg,Lichen Planus
lp_66_horizontal.jpg,Lichen Planus
lp_77.jpg,Lichen Planus
lp_67rotated90.jpg,Lichen Planus
lp_17_horivertical.jpg,Lichen Planus
lp_21.jpg,Lichen Planus
lp_74_vertical.jpg,Lichen Planus
lp_36_vertical.jpg,Lichen Planus
lp_65rotated270.jpg,Lichen Planus
lp_5_vertical.jpg,Lichen Planus
lp_8_horivertical.jpg,Lichen Planus
lp_3rotated180.jpg,Lichen Planus
lp_76_vertical.jpg,Lichen Planus
lp_6_vertical.jpg,Lichen Planus
lp_83rotated90.jpg,Lichen Planus
lp_23_horizontal.jpg,Lichen Planus
lp_54.jpg,Lichen Planus
lp_31.jpg,Lichen Planus
lp_73rotated90.jpg,Lichen Planus
lp_18.jpg,Lichen Planus
lp_34.jpg,Lichen Planus
lp_29.jpg,Lichen Planus
lp_74rotated270.jpg,Lichen Planus
lp_56rotated270.jpg,Lichen Planus
lp_28rotated90.jpg,Lichen Planus
lp_10rotated180.jpg,Lichen Planus
lp_56_horivertical.jpg,Lichen Planus
lp_78_horivertical.jpg,Lichen Planus
lp_15rotated270.jpg,Lichen Planus
lp_69_vertical.jpg,Lichen Planus
lp_27rotated270.jpg,Lichen Planus
lp_41_vertical.jpg,Lichen Planus
lp_4_horizontal.jpg,Lichen Planus
lp_14_horivertical.jpg,Lichen Planus
lp_42_horizontal.jpg,Lichen Planus
lp_42_horivertical.jpg,Lichen Planus
lp_45rotated270.jpg,Lichen Planus
lp_36rotated270.jpg,Lichen Planus
lp_23.jpg,Lichen Planus
lp_88rotated270.jpg,Lichen Planus
lp_72rotated90.jpg,Lichen Planus
lp_6rotated90.jpg,Lichen Planus
lp_78_vertical.jpg,Lichen Planus
lp_37rotated270.jpg,Lichen Planus
lp_24rotated180.jpg,Lichen Planus
lp_28_horivertical.jpg,Lichen Planus
lp_4_vertical.jpg,Lichen Planus
lp_55_vertical.jpg,Lichen Planus
lp_86rotated180.jpg,Lichen Planus
lp_35rotated90.jpg,Lichen Planus
lp_67rotated180.jpg,Lichen Planus
lp_60rotated90.jpg,Lichen Planus
lp_43rotated180.jpg,Lichen Planus
lp_61rotated270.jpg,Lichen Planus
lp_36_horivertical.jpg,Lichen Planus
lp_23rotated270.jpg,Lichen Planus
lp_36rotated180.jpg,Lichen Planus
lp_34rotated270.jpg,Lichen Planus
lp_31_vertical.jpg,Lichen Planus
lp_52_horivertical.jpg,Lichen Planus
lp_60rotated180.jpg,Lichen Planus
lp_80rotated270.jpg,Lichen Planus
lp_15rotated90.jpg,Lichen Planus
lp_22_horivertical.jpg,Lichen Planus
lp_5rotated90.jpg,Lichen Planus
lp_37rotated180.jpg,Lichen Planus
lp_58_horivertical.jpg,Lichen Planus
lp_12rotated90.jpg,Lichen Planus
lp_69rotated270.jpg,Lichen Planus
lp_42rotated180.jpg,Lichen Planus
lp_6rotated180.jpg,Lichen Planus
lp_34_horivertical.jpg,Lichen Planus
lp_86rotated270.jpg,Lichen Planus
lp_12.jpg,Lichen Planus
lp_14rotated90.jpg,Lichen Planus
lp_53rotated180.jpg,Lichen Planus
lp_30rotated180.jpg,Lichen Planus
lp_64rotated270.jpg,Lichen Planus
lp_42.jpg,Lichen Planus
lp_48rotated270.jpg,Lichen Planus
lp_88_horivertical.jpg,Lichen Planus
lp_58_vertical.jpg,Lichen Planus
lp_74.jpg,Lichen Planus
lp_55rotated270.jpg,Lichen Planus
lp_57rotated90.jpg,Lichen Planus
lp_14rotated270.jpg,Lichen Planus
lp_5rotated180.jpg,Lichen Planus
lp_57_horizontal.jpg,Lichen Planus
lp_17rotated270.jpg,Lichen Planus
lp_2rotated180.jpg,Lichen Planus
lp_15_horivertical.jpg,Lichen Planus
lp_52rotated270.jpg,Lichen Planus
lp_28rotated270.jpg,Lichen Planus
lp_87_horivertical.jpg,Lichen Planus
lp_62_horizontal.jpg,Lichen Planus
lp_32rotated90.jpg,Lichen Planus
lp_19_horivertical.jpg,Lichen Planus
lp_31rotated180.jpg,Lichen Planus
lp_36rotated90.jpg,Lichen Planus
lp_44rotated90.jpg,Lichen Planus
lp_27_vertical.jpg,Lichen Planus
lp_26rotated270.jpg,Lichen Planus
lp_43_horivertical.jpg,Lichen Planus
lp_47rotated270.jpg,Lichen Planus
lp_14.jpg,Lichen Planus
lp_78rotated180.jpg,Lichen Planus
lp_19.jpg,Lichen Planus
lp_2_horizontal.jpg,Lichen Planus
lp_42rotated90.jpg,Lichen Planus
lp_37_horizontal.jpg,Lichen Planus
lp_33rotated270.jpg,Lichen Planus
lp_21rotated180.jpg,Lichen Planus
lp_71.jpg,Lichen Planus
lp_43rotated270.jpg,Lichen Planus
lp_68.jpg,Lichen Planus
lp_24rotated90.jpg,Lichen Planus
lp_87_vertical.jpg,Lichen Planus
lp_65rotated90.jpg,Lichen Planus
lp_30_vertical.jpg,Lichen Planus
lp_64rotated90.jpg,Lichen Planus
lp_39_horizontal.jpg,Lichen Planus
lp_9rotated90.jpg,Lichen Planus
lp_49_horivertical.jpg,Lichen Planus
lp_72rotated180.jpg,Lichen Planus
lp_68_horivertical.jpg,Lichen Planus
lp_52rotated90.jpg,Lichen Planus
lp_81_vertical.jpg,Lichen Planus
lp_38_vertical.jpg,Lichen Planus
lp_42_vertical.jpg,Lichen Planus
lp_27_horivertical.jpg,Lichen Planus
lp_32_vertical.jpg,Lichen Planus
lp_79.jpg,Lichen Planus
lp_67_horizontal.jpg,Lichen Planus
lp_69_horivertical.jpg,Lichen Planus
lp_12rotated180.jpg,Lichen Planus
lp_53_vertical.jpg,Lichen Planus
lp_71rotated90.jpg,Lichen Planus
lp_47.jpg,Lichen Planus
lp_75rotated180.jpg,Lichen Planus
lp_8rotated180.jpg,Lichen Planus
lp_45_vertical.jpg,Lichen Planus
lp_62rotated180.jpg,Lichen Planus
lp_39rotated270.jpg,Lichen Planus
lp_80_vertical.jpg,Lichen Planus
lp_64_horivertical.jpg,Lichen Planus
lp_4rotated90.jpg,Lichen Planus
lp_76_horizontal.jpg,Lichen Planus
lp_11_horivertical.jpg,Lichen Planus
lp_85_horizontal.jpg,Lichen Planus
lp_52rotated180.jpg,Lichen Planus
lp_65_horizontal.jpg,Lichen Planus
lp_10rotated270.jpg,Lichen Planus
lp_51rotated270.jpg,Lichen Planus
lp_31rotated90.jpg,Lichen Planus
lp_79_horivertical.jpg,Lichen Planus
lp_60_horivertical.jpg,Lichen Planus
lp_11_horizontal.jpg,Lichen Planus
lp_51rotated90.jpg,Lichen Planus
lp_67_vertical.jpg,Lichen Planus
lp_44_vertical.jpg,Lichen Planus
lp_46rotated180.jpg,Lichen Planus
lp_46_horivertical.jpg,Lichen Planus
lp_73_horivertical.jpg,Lichen Planus
lp_72_vertical.jpg,Lichen Planus
lp_39rotated180.jpg,Lichen Planus
lp_82_vertical.jpg,Lichen Planus
lp_87rotated180.jpg,Lichen Planus
lp_77rotated90.jpg,Lichen Planus
lp_80_horizontal.jpg,Lichen Planus
lp_37_vertical.jpg,Lichen Planus
lp_64_horizontal.jpg,Lichen Planus
lp_35rotated180.jpg,Lichen Planus
lp_75_horizontal.jpg,Lichen Planus
lp_56.jpg,Lichen Planus
lp_71_horizontal.jpg,Lichen Planus
lp_17_vertical.jpg,Lichen Planus
lp_6.jpg,Lichen Planus
lp_55.jpg,Lichen Planus
lp_63_vertical.jpg,Lichen Planus
lp_73_vertical.jpg,Lichen Planus
lp_52_vertical.jpg,Lichen Planus
lp_79rotated270.jpg,Lichen Planus
lp_84rotated90.jpg,Lichen Planus
lp_87rotated270.jpg,Lichen Planus
lp_68rotated90.jpg,Lichen Planus
lp_27rotated90.jpg,Lichen Planus
lp_15_vertical.jpg,Lichen Planus
lp_75_horivertical.jpg,Lichen Planus
lp_32_horivertical.jpg,Lichen Planus
lp_20_horivertical.jpg,Lichen Planus
lp_61.jpg,Lichen Planus
lp_44_horizontal.jpg,Lichen Planus
lp_21_horizontal.jpg,Lichen Planus
lp_69_horizontal.jpg,Lichen Planus
lp_36.jpg,Lichen Planus
lp_56_vertical.jpg,Lichen Planus
lp_19rotated90.jpg,Lichen Planus
lp_5_horivertical.jpg,Lichen Planus
lp_23rotated90.jpg,Lichen Planus
lp_32.jpg,Lichen Planus
lp_76rotated180.jpg,Lichen Planus
lp_18rotated180.jpg,Lichen Planus
lp_27rotated180.jpg,Lichen Planus
lp_71_horivertical.jpg,Lichen Planus
lp_41rotated180.jpg,Lichen Planus
lp_34_horizontal.jpg,Lichen Planus
lp_65_vertical.jpg,Lichen Planus
lp_30.jpg,Lichen Planus
lp_59rotated90.jpg,Lichen Planus
lp_84rotated270.jpg,Lichen Planus
lp_73rotated270.jpg,Lichen Planus
lp_74_horivertical.jpg,Lichen Planus
lp_26_horizontal.jpg,Lichen Planus
lp_1_horivertical.jpg,Lichen Planus
lp_54_horizontal.jpg,Lichen Planus
lp_88_horizontal.jpg,Lichen Planus
lp_6_horivertical.jpg,Lichen Planus
lp_12_vertical.jpg,Lichen Planus
lp_81_horivertical.jpg,Lichen Planus
lp_73.jpg,Lichen Planus
lp_1rotated270.jpg,Lichen Planus
lp_3.jpg,Lichen Planus
lp_11rotated180.jpg,Lichen Planus
lp_32rotated270.jpg,Lichen Planus
lp_12_horivertical.jpg,Lichen Planus
lp_31_horivertical.jpg,Lichen Planus
lp_22rotated90.jpg,Lichen Planus
lp_62rotated270.jpg,Lichen Planus
lp_28.jpg,Lichen Planus
lp_61_horivertical.jpg,Lichen Planus
lp_21_vertical.jpg,Lichen Planus
lp_76rotated90.jpg,Lichen Planus
lp_75rotated270.jpg,Lichen Planus
lp_86rotated90.jpg,Lichen Planus
lp_85rotated270.jpg,Lichen Planus
lp_30rotated90.jpg,Lichen Planus
lp_3_horivertical.jpg,Lichen Planus
lp_67rotated270.jpg,Lichen Planus
lp_28_vertical.jpg,Lichen Planus
lp_19rotated270.jpg,Lichen Planus
lp_29_horizontal.jpg,Lichen Planus
lp_27_horizontal.jpg,Lichen Planus
lp_82_horizontal.jpg,Lichen Planus
lp_78.jpg,Lichen Planus
lp_59rotated270.jpg,Lichen Planus
lp_38rotated180.jpg,Lichen Planus
lp_16rotated180.jpg,Lichen Planus
lp_40rotated270.jpg,Lichen Planus
lp_54rotated270.jpg,Lichen Planus
lp_51rotated180.jpg,Lichen Planus
lp_22_horizontal.jpg,Lichen Planus
lp_72_horizontal.jpg,Lichen Planus
lp_85rotated90.jpg,Lichen Planus
lp_70rotated90.jpg,Lichen Planus
lp_77_vertical.jpg,Lichen Planus
lp_2rotated270.jpg,Lichen Planus
lp_72rotated270.jpg,Lichen Planus
lp_28rotated180.jpg,Lichen Planus
lp_9_vertical.jpg,Lichen Planus
lp_8rotated90.jpg,Lichen Planus
lp_63_horizontal.jpg,Lichen Planus
lp_74_horizontal.jpg,Lichen Planus
lp_11.jpg,Lichen Planus
lp_84.jpg,Lichen Planus
lp_44.jpg,Lichen Planus
lp_46_horizontal.jpg,Lichen Planus
lp_12_horizontal.jpg,Lichen Planus
lp_50_horivertical.jpg,Lichen Planus
lp_33.jpg,Lichen Planus
lp_41_horizontal.jpg,Lichen Planus
lp_68_vertical.jpg,Lichen Planus
lp_84_horizontal.jpg,Lichen Planus
lp_7_horivertical.jpg,Lichen Planus
lp_48_vertical.jpg,Lichen Planus
lp_77rotated180.jpg,Lichen Planus
lp_80.jpg,Lichen Planus
lp_36_horizontal.jpg,Lichen Planus
lp_48_horizontal.jpg,Lichen Planus
lp_4rotated180.jpg,Lichen Planus
lp_26.jpg,Lichen Planus
lp_22_vertical.jpg,Lichen Planus
lp_44rotated270.jpg,Lichen Planus
lp_63rotated270.jpg,Lichen Planus
lp_7rotated270.jpg,Lichen Planus
lp_55_horivertical.jpg,Lichen Planus
lp_41rotated270.jpg,Lichen Planus
lp_66rotated270.jpg,Lichen Planus
lp_66_vertical.jpg,Lichen Planus
lp_13_horivertical.jpg,Lichen Planus
lp_59rotated180.jpg,Lichen Planus
lp_21rotated90.jpg,Lichen Planus
lp_47rotated180.jpg,Lichen Planus
lp_83_horivertical.jpg,Lichen Planus
lp_66_horivertical.jpg,Lichen Planus
lp_48_horivertical.jpg,Lichen Planus
lp_45_horizontal.jpg,Lichen Planus
lp_72_horivertical.jpg,Lichen Planus
lp_68rotated270.jpg,Lichen Planus
lp_22rotated270.jpg,Lichen Planus
lp_60_horizontal.jpg,Lichen Planus
lp_81rotated180.jpg,Lichen Planus
lp_73_horizontal.jpg,Lichen Planus
lp_88rotated180.jpg,Lichen Planus
lp_7_vertical.jpg,Lichen Planus
lp_56_horizontal.jpg,Lichen Planus
lp_81rotated270.jpg,Lichen Planus
lp_68_horizontal.jpg,Lichen Planus
lp_56rotated180.jpg,Lichen Planus
lp_18rotated270.jpg,Lichen Planus
lp_49rotated180.jpg,Lichen Planus
lp_47_horivertical.jpg,Lichen Planus
lp_75_vertical.jpg,Lichen Planus
lp_38rotated90.jpg,Lichen Planus
lp_83_horizontal.jpg,Lichen Planus
lp_26rotated90.jpg,Lichen Planus
lp_76rotated270.jpg,Lichen Planus
lp_47_vertical.jpg,Lichen Planus
lp_4.jpg,Lichen Planus
lp_50rotated90.jpg,Lichen Planus
lp_61_horizontal.jpg,Lichen Planus
lp_58_horizontal.jpg,Lichen Planus
lp_20rotated270.jpg,Lichen Planus
lp_64.jpg,Lichen Planus
lp_5.jpg,Lichen Planus
lp_73rotated180.jpg,Lichen Planus
lp_50_vertical.jpg,Lichen Planus
lp_13.jpg,Lichen Planus
lp_24rotated270.jpg,Lichen Planus
lp_29rotated270.jpg,Lichen Planus
lp_68rotated180.jpg,Lichen Planus
lp_87.jpg,Lichen Planus
lp_18_horizontal.jpg,Lichen Planus
lp_58.jpg,Lichen Planus
lp_88_vertical.jpg,Lichen Planus
lp_46rotated270.jpg,Lichen Planus
lp_59.jpg,Lichen Planus
lp_87_horizontal.jpg,Lichen Planus
lp_13_vertical.jpg,Lichen Planus
lp_13rotated90.jpg,Lichen Planus
lp_15.jpg,Lichen Planus
lp_23_horivertical.jpg,Lichen Planus
lp_10_vertical.jpg,Lichen Planus
lp_38.jpg,Lichen Planus
lp_78rotated270.jpg,Lichen Planus
lp_10.jpg,Lichen Planus
lp_31_horizontal.jpg,Lichen Planus
lp_3_horizontal.jpg,Lichen Planus
lp_63_horivertical.jpg,Lichen Planus
lp_39_horivertical.jpg,Lichen Planus
lp_53rotated90.jpg,Lichen Planus
lp_29rotated90.jpg,Lichen Planus
lp_6rotated270.jpg,Lichen Planus
lp_19rotated180.jpg,Lichen Planus
lp_70_vertical.jpg,Lichen Planus
lp_53_horizontal.jpg,Lichen Planus
lp_57rotated180.jpg,Lichen Planus
lp_50.jpg,Lichen Planus
lp_81rotated90.jpg,Lichen Planus
lp_16_horizontal.jpg,Lichen Planus
lp_63rotated90.jpg,Lichen Planus
lp_6_horizontal.jpg,Lichen Planus
lp_70rotated270.jpg,Lichen Planus
lp_10_horivertical.jpg,Lichen Planus
lp_61rotated90.jpg,Lichen Planus
lp_24_horivertical.jpg,Lichen Planus
lp_50_horizontal.jpg,Lichen Planus
lp_40.jpg,Lichen Planus
lp_54rotated180.jpg,Lichen Planus
lp_40rotated180.jpg,Lichen Planus
lp_59_vertical.jpg,Lichen Planus
lp_35rotated270.jpg,Lichen Planus
lp_74rotated90.jpg,Lichen Planus
lp_81.jpg,Lichen Planus
lp_64_vertical.jpg,Lichen Planus
lp_60_vertical.jpg,Lichen Planus
lp_16.jpg,Lichen Planus
lp_61rotated180.jpg,Lichen Planus
lp_76.jpg,Lichen Planus
lp_21_horivertical.jpg,Lichen Planus
lp_86.jpg,Lichen Planus
lp_43.jpg,Lichen Planus
lp_29_horivertical.jpg,Lichen Planus
lp_58rotated180.jpg,Lichen Planus
lp_85rotated180.jpg,Lichen Planus
lp_82rotated180.jpg,Lichen Planus
lp_31rotated270.jpg,Lichen Planus
lp_1.jpg,Lichen Planus
lp_40_horizontal.jpg,Lichen Planus
lp_13rotated270.jpg,Lichen Planus
lp_46.jpg,Lichen Planus
lp_64rotated180.jpg,Lichen Planus
lp_55rotated90.jpg,Lichen Planus
lp_82_horivertical.jpg,Lichen Planus
lp_58rotated270.jpg,Lichen Planus
lp_18_horivertical.jpg,Lichen Planus
lp_4rotated270.jpg,Lichen Planus
lp_62rotated90.jpg,Lichen Planus
lp_32_horizontal.jpg,Lichen Planus
lp_11rotated90.jpg,Lichen Planus
lp_3rotated90.jpg,Lichen Planus
lp_33_vertical.jpg,Lichen Planus
lp_53_horivertical.jpg,Lichen Planus
lp_3rotated270.jpg,Lichen Planus
lp_82rotated90.jpg,Lichen Planus
lp_3_vertical.jpg,Lichen Planus
lp_14_horizontal.jpg,Lichen Planus
lp_16rotated90.jpg,Lichen Planus
lp_11_vertical.jpg,Lichen Planus
lp_4_horivertical.jpg,Lichen Planus
lp_88rotated90.jpg,Lichen Planus
lp_66rotated180.jpg,Lichen Planus
ps_24_horizontal.jpg,Psoriais
ps_16rotated90.jpg,Psoriais
ps_28.jpg,Psoriais
ps_75rotated270.jpg,Psoriais
ps_27.jpg,Psoriais
ps_33_vertical.jpg,Psoriais
ps_13rotated270.jpg,Psoriais
ps_5.jpg,Psoriais
ps_42.jpg,Psoriais
ps_97rotated180.jpg,Psoriais
ps_37_horivertical.jpg,Psoriais
ps_35rotated180.jpg,Psoriais
ps_46_horivertical.jpg,Psoriais
ps_28_horizontal.jpg,Psoriais
ps_55rotated90.jpg,Psoriais
ps_17_horizontal.jpg,Psoriais
ps_52_vertical.jpg,Psoriais
ps_67rotated90.jpg,Psoriais
ps_12rotated270.jpg,Psoriais
ps_55_horizontal.jpg,Psoriais
ps_47_horivertical.jpg,Psoriais
ps_94rotated90.jpg,Psoriais
ps_15.jpg,Psoriais
ps_12.jpg,Psoriais
ps_90rotated90.jpg,Psoriais
ps_26_horizontal.jpg,Psoriais
ps_20.jpg,Psoriais
ps_86rotated270.jpg,Psoriais
ps_52rotated90.jpg,Psoriais
ps_67.jpg,Psoriais
ps_53rotated90.jpg,Psoriais
ps_67_horivertical.jpg,Psoriais
ps_99rotated270.jpg,Psoriais
ps_20rotated180.jpg,Psoriais
ps_44_vertical.jpg,Psoriais
ps_91rotated180.jpg,Psoriais
ps_69.jpg,Psoriais
ps_48_horizontal.jpg,Psoriais
ps_52rotated180.jpg,Psoriais
ps_49_vertical.jpg,Psoriais
ps_36_horivertical.jpg,Psoriais
ps_7.jpg,Psoriais
ps_22rotated90.jpg,Psoriais
ps_80rotated180.jpg,Psoriais
ps_66.jpg,Psoriais
ps_94_horivertical.jpg,Psoriais
ps_38rotated270.jpg,Psoriais
ps_9rotated90.jpg,Psoriais
ps_2rotated270.jpg,Psoriais
ps_71_vertical.jpg,Psoriais
ps_26rotated90.jpg,Psoriais
ps_34.jpg,Psoriais
ps_3rotated180.jpg,Psoriais
ps_33.jpg,Psoriais
ps_60rotated270.jpg,Psoriais
ps_90rotated270.jpg,Psoriais
ps_31_horivertical.jpg,Psoriais
ps_75_horizontal.jpg,Psoriais
ps_42rotated270.jpg,Psoriais
ps_26_horivertical.jpg,Psoriais
ps_psoriasis_horizontal.jpg,Psoriais
ps_26.jpg,Psoriais
ps_13_vertical.jpg,Psoriais
ps_39rotated180.jpg,Psoriais
ps_70_horizontal.jpg,Psoriais
ps_27_vertical.jpg,Psoriais
ps_85rotated270.jpg,Psoriais
ps_86rotated90.jpg,Psoriais
ps_7rotated90.jpg,Psoriais
ps_8_horizontal.jpg,Psoriais
ps_87_horizontal.jpg,Psoriais
ps_82_vertical.jpg,Psoriais
ps_39rotated270.jpg,Psoriais
ps_79_horizontal.jpg,Psoriais
ps_68rotated180.jpg,Psoriais
ps_59rotated90.jpg,Psoriais
ps_94rotated180.jpg,Psoriais
ps_86_horivertical.jpg,Psoriais
ps_71rotated270.jpg,Psoriais
ps_35_vertical.jpg,Psoriais
ps_73_horivertical.jpg,Psoriais
ps_11rotated270.jpg,Psoriais
ps_43_horivertical.jpg,Psoriais
ps_97rotated90.jpg,Psoriais
ps_9rotated180.jpg,Psoriais
ps_97_horizontal.jpg,Psoriais
ps_12rotated90.jpg,Psoriais
ps_73rotated180.jpg,Psoriais
ps_96.jpg,Psoriais
ps_76rotated180.jpg,Psoriais
ps_68_horizontal.jpg,Psoriais
ps_4rotated270.jpg,Psoriais
ps_60rotated180.jpg,Psoriais
ps_46_vertical.jpg,Psoriais
ps_5_horizontal.jpg,Psoriais
ps_47rotated90.jpg,Psoriais
ps_8rotated180.jpg,Psoriais
ps_57_vertical.jpg,Psoriais
ps_28_vertical.jpg,Psoriais
ps_56_horivertical.jpg,Psoriais
ps_54rotated270.jpg,Psoriais
ps_61rotated90.jpg,Psoriais
ps_37.jpg,Psoriais
ps_23_horivertical.jpg,Psoriais
ps_64.jpg,Psoriais
ps_54_horizontal.jpg,Psoriais
ps_36.jpg,Psoriais
ps_36_horizontal.jpg,Psoriais
ps_7_horizontal.jpg,Psoriais
ps_56.jpg,Psoriais
ps_38.jpg,Psoriais
ps_56_vertical.jpg,Psoriais
ps_6.jpg,Psoriais
ps_3.jpg,Psoriais
ps_63.jpg,Psoriais
ps_55rotated180.jpg,Psoriais
ps_29_vertical.jpg,Psoriais
ps_6_vertical.jpg,Psoriais
ps_61rotated270.jpg,Psoriais
ps_58_horivertical.jpg,Psoriais
ps_33rotated90.jpg,Psoriais
ps_24_vertical.jpg,Psoriais
ps_2_vertical.jpg,Psoriais
ps_33_horizontal.jpg,Psoriais
ps_64rotated270.jpg,Psoriais
ps_99.jpg,Psoriais
ps_10_horivertical.jpg,Psoriais
ps_38_vertical.jpg,Psoriais
ps_77_vertical.jpg,Psoriais
ps_43.jpg,Psoriais
ps_92rotated180.jpg,Psoriais
ps_25rotated270.jpg,Psoriais
ps_58_vertical.jpg,Psoriais
ps_14_horizontal.jpg,Psoriais
ps_78_horizontal.jpg,Psoriais
ps_3_vertical.jpg,Psoriais
ps_75rotated180.jpg,Psoriais
ps_86rotated180.jpg,Psoriais
ps_90_horivertical.jpg,Psoriais
ps_98rotated90.jpg,Psoriais
ps_49_horizontal.jpg,Psoriais
ps_29.jpg,Psoriais
ps_23_vertical.jpg,Psoriais
ps_44rotated270.jpg,Psoriais
ps_66rotated180.jpg,Psoriais
ps_88_vertical.jpg,Psoriais
ps_62rotated180.jpg,Psoriais
ps_45rotated180.jpg,Psoriais
ps_55_vertical.jpg,Psoriais
ps_48_horivertical.jpg,Psoriais
ps_4.jpg,Psoriais
ps_56rotated90.jpg,Psoriais
ps_22rotated270.jpg,Psoriais
ps_94rotated270.jpg,Psoriais
ps_76_horizontal.jpg,Psoriais
ps_58rotated180.jpg,Psoriais
ps_98_vertical.jpg,Psoriais
ps_24.jpg,Psoriais
ps_74rotated180.jpg,Psoriais
ps_90rotated180.jpg,Psoriais
ps_72_horizontal.jpg,Psoriais
ps_60.jpg,Psoriais
ps_8rotated90.jpg,Psoriais
ps_95_vertical.jpg,Psoriais
ps_psoriasisrotated180.jpg,Psoriais
ps_22_vertical.jpg,Psoriais
ps_33_horivertical.jpg,Psoriais
ps_2_horivertical.jpg,Psoriais
ps_60_horivertical.jpg,Psoriais
ps_92_horivertical.jpg,Psoriais
ps_30_vertical.jpg,Psoriais
ps_92_vertical.jpg,Psoriais
ps_20_horizontal.jpg,Psoriais
ps_43_horizontal.jpg,Psoriais
ps_37rotated180.jpg,Psoriais
ps_99rotated180.jpg,Psoriais
ps_34_vertical.jpg,Psoriais
ps_96rotated90.jpg,Psoriais
ps_72rotated270.jpg,Psoriais
ps_23rotated180.jpg,Psoriais
ps_34_horizontal.jpg,Psoriais
ps_44_horizontal.jpg,Psoriais
ps_25_horizontal.jpg,Psoriais
ps_47rotated270.jpg,Psoriais
ps_77rotated270.jpg,Psoriais
ps_5rotated270.jpg,Psoriais
ps_11rotated90.jpg,Psoriais
ps_22_horizontal.jpg,Psoriais
ps_17rotated90.jpg,Psoriais
ps_10_vertical.jpg,Psoriais
ps_51rotated180.jpg,Psoriais
ps_58rotated90.jpg,Psoriais
ps_20rotated90.jpg,Psoriais
ps_46.jpg,Psoriais
ps_88_horizontal.jpg,Psoriais
ps_85rotated180.jpg,Psoriais
ps_69_vertical.jpg,Psoriais
ps_23.jpg,Psoriais
ps_95.jpg,Psoriais
ps_41rotated180.jpg,Psoriais
ps_44_horivertical.jpg,Psoriais
ps_91.jpg,Psoriais
ps_50_horivertical.jpg,Psoriais
ps_46rotated180.jpg,Psoriais
ps_60_horizontal.jpg,Psoriais
ps_53rotated180.jpg,Psoriais
ps_10rotated270.jpg,Psoriais
ps_40_horizontal.jpg,Psoriais
ps_35rotated270.jpg,Psoriais
ps_13_horizontal.jpg,Psoriais
ps_70_horivertical.jpg,Psoriais
ps_16_horivertical.jpg,Psoriais
ps_35rotated90.jpg,Psoriais
ps_37rotated270.jpg,Psoriais
ps_48_vertical.jpg,Psoriais
ps_73_horizontal.jpg,Psoriais
ps_50rotated90.jpg,Psoriais
ps_29rotated270.jpg,Psoriais
ps_11_vertical.jpg,Psoriais
ps_100rotated270.jpg,Psoriais
ps_4_horizontal.jpg,Psoriais
ps_76_horivertical.jpg,Psoriais
ps_84_horizontal.jpg,Psoriais
ps_58rotated270.jpg,Psoriais
ps_24_horivertical.jpg,Psoriais
ps_88rotated270.jpg,Psoriais
ps_63rotated90.jpg,Psoriais
ps_31_vertical.jpg,Psoriais
ps_72rotated90.jpg,Psoriais
ps_77rotated90.jpg,Psoriais
ps_92rotated90.jpg,Psoriais
ps_9.jpg,Psoriais
ps_99_horivertical.jpg,Psoriais
ps_31_horizontal.jpg,Psoriais
ps_16_vertical.jpg,Psoriais
ps_96rotated180.jpg,Psoriais
ps_72_horivertical.jpg,Psoriais
ps_34_horivertical.jpg,Psoriais
ps_47.jpg,Psoriais
ps_79_vertical.jpg,Psoriais
ps_7_horivertical.jpg,Psoriais
ps_8.jpg,Psoriais
ps_81rotated180.jpg,Psoriais
ps_4_vertical.jpg,Psoriais
ps_22_horivertical.jpg,Psoriais
ps_8_horivertical.jpg,Psoriais
ps_69rotated270.jpg,Psoriais
ps_53.jpg,Psoriais
ps_23rotated270.jpg,Psoriais
ps_88rotated180.jpg,Psoriais
ps_2.jpg,Psoriais
ps_66rotated90.jpg,Psoriais
ps_35_horivertical.jpg,Psoriais
ps_14rotated90.jpg,Psoriais
ps_61_horivertical.jpg,Psoriais
ps_98_horizontal.jpg,Psoriais
ps_93_vertical.jpg,Psoriais
ps_53_vertical.jpg,Psoriais
ps_14rotated180.jpg,Psoriais
ps_69_horivertical.jpg,Psoriais
ps_9_horivertical.jpg,Psoriais
ps_64rotated180.jpg,Psoriais
ps_91_horizontal.jpg,Psoriais
ps_20rotated270.jpg,Psoriais
ps_95_horizontal.jpg,Psoriais
ps_42_horizontal.jpg,Psoriais
ps_50rotated270.jpg,Psoriais
ps_34rotated180.jpg,Psoriais
ps_16.jpg,Psoriais
ps_84rotated270.jpg,Psoriais
ps_38_horivertical.jpg,Psoriais
ps_98.jpg,Psoriais
ps_10.jpg,Psoriais
ps_28_horivertical.jpg,Psoriais
ps_74rotated270.jpg,Psoriais
ps_63rotated270.jpg,Psoriais
ps_38rotated180.jpg,Psoriais
ps_2_horizontal.jpg,Psoriais
ps_17.jpg,Psoriais
ps_100_vertical.jpg,Psoriais
ps_18rotated90.jpg,Psoriais
ps_13rotated90.jpg,Psoriais
ps_30_horizontal.jpg,Psoriais
ps_88_horivertical.jpg,Psoriais
ps_80.jpg,Psoriais
ps_46rotated270.jpg,Psoriais
ps_25.jpg,Psoriais
ps_77rotated180.jpg,Psoriais
ps_98_horivertical.jpg,Psoriais
ps_49rotated90.jpg,Psoriais
ps_31rotated180.jpg,Psoriais
ps_73_vertical.jpg,Psoriais
ps_82rotated180.jpg,Psoriais
ps_41rotated90.jpg,Psoriais
ps_75_horivertical.jpg,Psoriais
ps_90_horizontal.jpg,Psoriais
ps_7_vertical.jpg,Psoriais
ps_7rotated180.jpg,Psoriais
ps_5rotated90.jpg,Psoriais
ps_97rotated270.jpg,Psoriais
ps_82_horivertical.jpg,Psoriais
ps_29rotated180.jpg,Psoriais
ps_75.jpg,Psoriais
ps_94_horizontal.jpg,Psoriais
ps_80_vertical.jpg,Psoriais
ps_22.jpg,Psoriais
ps_51rotated90.jpg,Psoriais
ps_43rotated270.jpg,Psoriais
ps_5rotated180.jpg,Psoriais
ps_87_horivertical.jpg,Psoriais
ps_89rotated90.jpg,Psoriais
ps_15rotated90.jpg,Psoriais
ps_40rotated90.jpg,Psoriais
ps_11_horizontal.jpg,Psoriais
ps_16_horizontal.jpg,Psoriais
ps_59.jpg,Psoriais
ps_82_horizontal.jpg,Psoriais
ps_59_vertical.jpg,Psoriais
ps_23rotated90.jpg,Psoriais
ps_2rotated180.jpg,Psoriais
ps_82rotated270.jpg,Psoriais
ps_45rotated90.jpg,Psoriais
ps_11.jpg,Psoriais
ps_87.jpg,Psoriais
ps_10rotated180.jpg,Psoriais
ps_80_horizontal.jpg,Psoriais
ps_42rotated90.jpg,Psoriais
ps_74_vertical.jpg,Psoriais
ps_9_vertical.jpg,Psoriais
ps_86.jpg,Psoriais
ps_65_horivertical.jpg,Psoriais
ps_60rotated90.jpg,Psoriais
ps_68_horivertical.jpg,Psoriais
ps_80rotated90.jpg,Psoriais
ps_3_horivertical.jpg,Psoriais
ps_65rotated90.jpg,Psoriais
ps_96rotated270.jpg,Psoriais
ps_52rotated270.jpg,Psoriais
ps_63rotated180.jpg,Psoriais
ps_59_horivertical.jpg,Psoriais
ps_78.jpg,Psoriais
ps_32.jpg,Psoriais
ps_42_vertical.jpg,Psoriais
ps_26_vertical.jpg,Psoriais
ps_29rotated90.jpg,Psoriais
ps_90_vertical.jpg,Psoriais
ps_61_horizontal.jpg,Psoriais
ps_33rotated270.jpg,Psoriais
ps_20_horivertical.jpg,Psoriais
ps_70_vertical.jpg,Psoriais
ps_12_horivertical.jpg,Psoriais
ps_45rotated270.jpg,Psoriais
ps_49.jpg,Psoriais
ps_63_horizontal.jpg,Psoriais
ps_100rotated180.jpg,Psoriais
ps_81rotated270.jpg,Psoriais
ps_4rotated90.jpg,Psoriais
ps_18.jpg,Psoriais
ps_93_horizontal.jpg,Psoriais
ps_64_vertical.jpg,Psoriais
ps_47_vertical.jpg,Psoriais
ps_84rotated90.jpg,Psoriais
ps_70rotated270.jpg,Psoriais
ps_26rotated180.jpg,Psoriais
ps_psoriasisrotated270.jpg,Psoriais
ps_93_horivertical.jpg,Psoriais
ps_48rotated180.jpg,Psoriais
ps_5_vertical.jpg,Psoriais
ps_56rotated180.jpg,Psoriais
ps_79rotated180.jpg,Psoriais
ps_54rotated90.jpg,Psoriais
ps_79_horivertical.jpg,Psoriais
ps_65.jpg,Psoriais
ps_94.jpg,Psoriais
ps_73rotated270.jpg,Psoriais
ps_71rotated180.jpg,Psoriais
ps_59_horizontal.jpg,Psoriais
ps_18rotated270.jpg,Psoriais
ps_91rotated270.jpg,Psoriais
ps_31.jpg,Psoriais
ps_74rotated90.jpg,Psoriais
ps_95_horivertical.jpg,Psoriais
ps_99_vertical.jpg,Psoriais
ps_46_horizontal.jpg,Psoriais
ps_86_vertical.jpg,Psoriais
ps_4_horivertical.jpg,Psoriais
ps_50_vertical.jpg,Psoriais
ps_36rotated90.jpg,Psoriais
ps_76rotated90.jpg,Psoriais
ps_41_vertical.jpg,Psoriais
ps_93rotated90.jpg,Psoriais
ps_64_horivertical.jpg,Psoriais
ps_49rotated180.jpg,Psoriais
ps_43rotated90.jpg,Psoriais
ps_53_horivertical.jpg,Psoriais
ps_40_horivertical.jpg,Psoriais
ps_40rotated270.jpg,Psoriais
ps_82.jpg,Psoriais
ps_54rotated180.jpg,Psoriais
ps_64_horizontal.jpg,Psoriais
ps_96_horizontal.jpg,Psoriais
ps_83rotated180.jpg,Psoriais
ps_87rotated90.jpg,Psoriais
ps_43rotated180.jpg,Psoriais
ps_59rotated180.jpg,Psoriais
ps_13_horivertical.jpg,Psoriais
ps_66_horizontal.jpg,Psoriais
ps_37_vertical.jpg,Psoriais
ps_37rotated90.jpg,Psoriais
ps_87rotated270.jpg,Psoriais
ps_34rotated90.jpg,Psoriais
ps_80_horivertical.jpg,Psoriais
ps_3_horizontal.jpg,Psoriais
ps_49_horivertical.jpg,Psoriais
ps_54_vertical.jpg,Psoriais
ps_4rotated180.jpg,Psoriais
ps_87_vertical.jpg,Psoriais
ps_36_vertical.jpg,Psoriais
ps_82rotated90.jpg,Psoriais
ps_100rotated90.jpg,Psoriais
ps_55_horivertical.jpg,Psoriais
ps_24rotated270.jpg,Psoriais
ps_14rotated270.jpg,Psoriais
ps_84rotated180.jpg,Psoriais
ps_86_horizontal.jpg,Psoriais
ps_30.jpg,Psoriais
ps_17rotated180.jpg,Psoriais
ps_45_horivertical.jpg,Psoriais
ps_97_horivertical.jpg,Psoriais
ps_75_vertical.jpg,Psoriais
ps_14_horivertical.jpg,Psoriais
ps_59rotated270.jpg,Psoriais
ps_62_horivertical.jpg,Psoriais
ps_67_horizontal.jpg,Psoriais
ps_50_horizontal.jpg,Psoriais
ps_79rotated270.jpg,Psoriais
ps_75rotated90.jpg,Psoriais
ps_95rotated90.jpg,Psoriais
ps_62rotated270.jpg,Psoriais
ps_90.jpg,Psoriais
ps_57.jpg,Psoriais
ps_32_horizontal.jpg,Psoriais
ps_15_horizontal.jpg,Psoriais
ps_72.jpg,Psoriais
ps_91rotated90.jpg,Psoriais
ps_11_horivertical.jpg,Psoriais
ps_67rotated270.jpg,Psoriais
ps_8rotated270.jpg,Psoriais
ps_25rotated180.jpg,Psoriais
ps_80rotated270.jpg,Psoriais
ps_42rotated180.jpg,Psoriais
ps_72_vertical.jpg,Psoriais
ps_84.jpg,Psoriais
ps_41_horivertical.jpg,Psoriais
ps_18_vertical.jpg,Psoriais
ps_68rotated270.jpg,Psoriais
ps_65_vertical.jpg,Psoriais
ps_71_horivertical.jpg,Psoriais
ps_70rotated180.jpg,Psoriais
ps_92rotated270.jpg,Psoriais
ps_58.jpg,Psoriais
ps_70rotated90.jpg,Psoriais
ps_30_horivertical.jpg,Psoriais
ps_30rotated180.jpg,Psoriais
ps_35_horizontal.jpg,Psoriais
ps_48rotated90.jpg,Psoriais
ps_74_horizontal.jpg,Psoriais
ps_56_horizontal.jpg,Psoriais
ps_11rotated180.jpg,Psoriais
ps_57rotated90.jpg,Psoriais
ps_14_vertical.jpg,Psoriais
ps_69rotated180.jpg,Psoriais
ps_100.jpg,Psoriais
ps_2rotated90.jpg,Psoriais
ps_55rotated270.jpg,Psoriais
ps_29_horivertical.jpg,Psoriais
ps_40rotated180.jpg,Psoriais
ps_83rotated270.jpg,Psoriais
ps_10_horizontal.jpg,Psoriais
ps_18_horizontal.jpg,Psoriais
ps_89rotated180.jpg,Psoriais
ps_38_horizontal.jpg,Psoriais
ps_63_vertical.jpg,Psoriais
ps_51rotated270.jpg,Psoriais
ps_12rotated180.jpg,Psoriais
ps_39_horizontal.jpg,Psoriais
ps_30rotated90.jpg,Psoriais
ps_32rotated180.jpg,Psoriais
ps_71.jpg,Psoriais
ps_77_horizontal.jpg,Psoriais
ps_99_horizontal.jpg,Psoriais
ps_39rotated90.jpg,Psoriais
ps_57rotated270.jpg,Psoriais
ps_28rotated270.jpg,Psoriais
ps_84_vertical.jpg,Psoriais
ps_6_horizontal.jpg,Psoriais
ps_31rotated270.jpg,Psoriais
ps_51_vertical.jpg,Psoriais
ps_12_vertical.jpg,Psoriais
ps_13rotated180.jpg,Psoriais
ps_89.jpg,Psoriais
ps_29_horizontal.jpg,Psoriais
ps_48.jpg,Psoriais
ps_65_horizontal.jpg,Psoriais
ps_72rotated180.jpg,Psoriais
ps_24rotated90.jpg,Psoriais
ps_39.jpg,Psoriais
ps_15_horivertical.jpg,Psoriais
ps_92_horizontal.jpg,Psoriais
ps_70.jpg,Psoriais
ps_76.jpg,Psoriais
ps_15_vertical.jpg,Psoriais
ps_89rotated270.jpg,Psoriais
ps_99rotated90.jpg,Psoriais
ps_76_vertical.jpg,Psoriais
ps_39_horivertical.jpg,Psoriais
ps_81_horizontal.jpg,Psoriais
ps_64rotated90.jpg,Psoriais
ps_61rotated180.jpg,Psoriais
ps_62.jpg,Psoriais
ps_37_horizontal.jpg,Psoriais
ps_31rotated90.jpg,Psoriais
ps_52.jpg,Psoriais
ps_24rotated180.jpg,Psoriais
ps_27rotated270.jpg,Psoriais
ps_10rotated90.jpg,Psoriais
ps_45_vertical.jpg,Psoriais
ps_83_vertical.jpg,Psoriais
ps_77.jpg,Psoriais
ps_88rotated90.jpg,Psoriais
ps_78rotated270.jpg,Psoriais
ps_48rotated270.jpg,Psoriais
ps_17_horivertical.jpg,Psoriais
ps_83_horizontal.jpg,Psoriais
ps_psoriasis.jpg,Psoriais
ps_57_horizontal.jpg,Psoriais
ps_71rotated90.jpg,Psoriais
ps_97.jpg,Psoriais
ps_79rotated90.jpg,Psoriais
ps_50rotated180.jpg,Psoriais
ps_83.jpg,Psoriais
ps_9rotated270.jpg,Psoriais
ps_69_horizontal.jpg,Psoriais
ps_44rotated90.jpg,Psoriais
ps_39_vertical.jpg,Psoriais
ps_54_horivertical.jpg,Psoriais
ps_36rotated180.jpg,Psoriais
ps_45_horizontal.jpg,Psoriais
ps_16rotated180.jpg,Psoriais
ps_33rotated180.jpg,Psoriais
ps_71_horizontal.jpg,Psoriais
ps_65rotated180.jpg,Psoriais
ps_32rotated270.jpg,Psoriais
ps_78rotated180.jpg,Psoriais
ps_42_horivertical.jpg,Psoriais
ps_18rotated180.jpg,Psoriais
ps_78_horivertical.jpg,Psoriais
ps_52_horivertical.jpg,Psoriais
ps_49rotated270.jpg,Psoriais
ps_54.jpg,Psoriais
ps_25rotated90.jpg,Psoriais
ps_3rotated270.jpg,Psoriais
ps_6rotated180.jpg,Psoriais
ps_56rotated270.jpg,Psoriais
ps_32rotated90.jpg,Psoriais
ps_91_horivertical.jpg,Psoriais
ps_41_horizontal.jpg,Psoriais
ps_5_horivertical.jpg,Psoriais
ps_25_horivertical.jpg,Psoriais
ps_74.jpg,Psoriais
ps_62_vertical.jpg,Psoriais
ps_92.jpg,Psoriais
ps_94_vertical.jpg,Psoriais
ps_73.jpg,Psoriais
ps_58_horizontal.jpg,Psoriais
ps_95rotated270.jpg,Psoriais
ps_13.jpg,Psoriais
ps_91_vertical.jpg,Psoriais
ps_95rotated180.jpg,Psoriais
ps_6rotated270.jpg,Psoriais
ps_40.jpg,Psoriais
ps_44.jpg,Psoriais
ps_46rotated90.jpg,Psoriais
ps_61.jpg,Psoriais
ps_84_horivertical.jpg,Psoriais
ps_30rotated270.jpg,Psoriais
ps_32_vertical.jpg,Psoriais
ps_85_horizontal.jpg,Psoriais
ps_81rotated90.jpg,Psoriais
ps_15rotated180.jpg,Psoriais
ps_100_horizontal.jpg,Psoriais
ps_35.jpg,Psoriais
ps_51.jpg,Psoriais
ps_28rotated90.jpg,Psoriais
ps_66_vertical.jpg,Psoriais
ps_55.jpg,Psoriais
ps_57_horivertical.jpg,Psoriais
ps_12_horizontal.jpg,Psoriais
ps_89_vertical.jpg,Psoriais
ps_53rotated270.jpg,Psoriais
ps_98rotated180.jpg,Psoriais
ps_9_horizontal.jpg,Psoriais
ps_45.jpg,Psoriais
ps_27rotated90.jpg,Psoriais
ps_93.jpg,Psoriais
ps_77_horivertical.jpg,Psoriais
ps_20_vertical.jpg,Psoriais
ps_23_horizontal.jpg,Psoriais
ps_27_horizontal.jpg,Psoriais
ps_85_horivertical.jpg,Psoriais
ps_psoriasis_horivertical.jpg,Psoriais
ps_78_vertical.jpg,Psoriais
ps_96_horivertical.jpg,Psoriais
ps_69rotated90.jpg,Psoriais
ps_76rotated270.jpg,Psoriais
ps_97_vertical.jpg,Psoriais
ps_81.jpg,Psoriais
ps_62_horizontal.jpg,Psoriais
ps_73rotated90.jpg,Psoriais
ps_47_horizontal.jpg,Psoriais
ps_41.jpg,Psoriais
ps_26rotated270.jpg,Psoriais
ps_74_horivertical.jpg,Psoriais
ps_61_vertical.jpg,Psoriais
ps_51_horivertical.jpg,Psoriais
ps_34rotated270.jpg,Psoriais
ps_85.jpg,Psoriais
ps_43_vertical.jpg,Psoriais
ps_66rotated270.jpg,Psoriais
ps_50.jpg,Psoriais
ps_68rotated90.jpg,Psoriais
ps_27_horivertical.jpg,Psoriais
ps_87rotated180.jpg,Psoriais
ps_79.jpg,Psoriais
ps_16rotated270.jpg,Psoriais
ps_98rotated270.jpg,Psoriais
ps_85_vertical.jpg,Psoriais
ps_17_vertical.jpg,Psoriais
ps_57rotated180.jpg,Psoriais
ps_67_vertical.jpg,Psoriais
ps_36rotated270.jpg,Psoriais
ps_44rotated180.jpg,Psoriais
ps_41rotated270.jpg,Psoriais
ps_68.jpg,Psoriais
ps_83_horivertical.jpg,Psoriais
ps_66_horivertical.jpg,Psoriais
ps_38rotated90.jpg,Psoriais
ps_78rotated90.jpg,Psoriais
ps_83rotated90.jpg,Psoriais
ps_68_vertical.jpg,Psoriais
ps_89_horivertical.jpg,Psoriais
ps_100_horivertical.jpg,Psoriais
ps_15rotated270.jpg,Psoriais
ps_93rotated180.jpg,Psoriais
ps_60_vertical.jpg,Psoriais
ps_25_vertical.jpg,Psoriais
ps_psoriasis_vertical.jpg,Psoriais
ps_53_horizontal.jpg,Psoriais
ps_28rotated180.jpg,Psoriais
ps_81_horivertical.jpg,Psoriais
ps_62rotated90.jpg,Psoriais
ps_81_vertical.jpg,Psoriais
ps_40_vertical.jpg,Psoriais
ps_51_horizontal.jpg,Psoriais
ps_14.jpg,Psoriais
ps_22rotated180.jpg,Psoriais
ps_63_horivertical.jpg,Psoriais
ps_93rotated270.jpg,Psoriais
ps_32_horivertical.jpg,Psoriais
ps_96_vertical.jpg,Psoriais
ps_88.jpg,Psoriais
ps_67rotated180.jpg,Psoriais
ps_52_horizontal.jpg,Psoriais
ps_27rotated180.jpg,Psoriais
ps_6rotated90.jpg,Psoriais
ps_8_vertical.jpg,Psoriais
ps_65rotated270.jpg,Psoriais
ps_psoriasisrotated90.jpg,Psoriais
ps_89_horizontal.jpg,Psoriais
ps_17rotated270.jpg,Psoriais
ps_3rotated90.jpg,Psoriais
ps_18_horivertical.jpg,Psoriais
ps_6_horivertical.jpg,Psoriais
ps_7rotated270.jpg,Psoriais
ps_47rotated180.jpg,Psoriais
ps_85rotated90.jpg,Psoriais
sd_53.jpg,Seborrheic Dermatitis
sd_41_horivertical.jpg,Seborrheic Dermatitis
sd_28rotated180.jpg,Seborrheic Dermatitis
sd_10.jpg,Seborrheic Dermatitis
sd_3rotated270.jpg,Seborrheic Dermatitis
sd_18.jpg,Seborrheic Dermatitis
sd_49rotated180.jpg,Seborrheic Dermatitis
sd_35_horivertical.jpg,Seborrheic Dermatitis
sd_41_vertical.jpg,Seborrheic Dermatitis
sd_50rotated90.jpg,Seborrheic Dermatitis
sd_1_horizontal.jpg,Seborrheic Dermatitis
sd_13_vertical.jpg,Seborrheic Dermatitis
sd_54rotated180.jpg,Seborrheic Dermatitis
sd_38rotated270.jpg,Seborrheic Dermatitis
sd_14_horivertical.jpg,Seborrheic Dermatitis
sd_56rotated90.jpg,Seborrheic Dermatitis
sd_9_vertical.jpg,Seborrheic Dermatitis
sd_38.jpg,Seborrheic Dermatitis
sd_51_vertical.jpg,Seborrheic Dermatitis
sd_7_horivertical.jpg,Seborrheic Dermatitis
sd_4rotated270.jpg,Seborrheic Dermatitis
sd_19rotated90.jpg,Seborrheic Dermatitis
sd_15rotated270.jpg,Seborrheic Dermatitis
sd_33rotated180.jpg,Seborrheic Dermatitis
sd_25rotated270.jpg,Seborrheic Dermatitis
sd_57_vertical.jpg,Seborrheic Dermatitis
sd_44rotated90.jpg,Seborrheic Dermatitis
sd_6rotated270.jpg,Seborrheic Dermatitis
sd_25_horivertical.jpg,Seborrheic Dermatitis
sd_34_horizontal.jpg,Seborrheic Dermatitis
sd_22_vertical.jpg,Seborrheic Dermatitis
sd_42_horivertical.jpg,Seborrheic Dermatitis
sd_33_vertical.jpg,Seborrheic Dermatitis
sd_48rotated180.jpg,Seborrheic Dermatitis
sd_11.jpg,Seborrheic Dermatitis
sd_44rotated270.jpg,Seborrheic Dermatitis
sd_36rotated180.jpg,Seborrheic Dermatitis
sd_34rotated90.jpg,Seborrheic Dermatitis
sd_32_horizontal.jpg,Seborrheic Dermatitis
sd_2.jpg,Seborrheic Dermatitis
sd_46_vertical.jpg,Seborrheic Dermatitis
sd_48_horivertical.jpg,Seborrheic Dermatitis
sd_12_vertical.jpg,Seborrheic Dermatitis
sd_47.jpg,Seborrheic Dermatitis
sd_14rotated90.jpg,Seborrheic Dermatitis
sd_21rotated90.jpg,Seborrheic Dermatitis
sd_2_vertical.jpg,Seborrheic Dermatitis
sd_54rotated270.jpg,Seborrheic Dermatitis
sd_54_vertical.jpg,Seborrheic Dermatitis
sd_18_vertical.jpg,Seborrheic Dermatitis
sd_54_horizontal.jpg,Seborrheic Dermatitis
sd_39rotated270.jpg,Seborrheic Dermatitis
sd_24_horizontal.jpg,Seborrheic Dermatitis
sd_35rotated180.jpg,Seborrheic Dermatitis
sd_32rotated270.jpg,Seborrheic Dermatitis
sd_23rotated270.jpg,Seborrheic Dermatitis
sd_55rotated180.jpg,Seborrheic Dermatitis
sd_4_horivertical.jpg,Seborrheic Dermatitis
sd_1rotated180.jpg,Seborrheic Dermatitis
sd_1.jpg,Seborrheic Dermatitis
sd_13rotated270.jpg,Seborrheic Dermatitis
sd_51_horivertical.jpg,Seborrheic Dermatitis
sd_53rotated90.jpg,Seborrheic Dermatitis
sd_23rotated180.jpg,Seborrheic Dermatitis
sd_16_vertical.jpg,Seborrheic Dermatitis
sd_56rotated270.jpg,Seborrheic Dermatitis
sd_7rotated180.jpg,Seborrheic Dermatitis
sd_37rotated180.jpg,Seborrheic Dermatitis
sd_49.jpg,Seborrheic Dermatitis
sd_13rotated180.jpg,Seborrheic Dermatitis
sd_50.jpg,Seborrheic Dermatitis
sd_29rotated270.jpg,Seborrheic Dermatitis
sd_7rotated90.jpg,Seborrheic Dermatitis
sd_43_horizontal.jpg,Seborrheic Dermatitis
sd_35rotated270.jpg,Seborrheic Dermatitis
sd_37.jpg,Seborrheic Dermatitis
sd_46_horizontal.jpg,Seborrheic Dermatitis
sd_6_vertical.jpg,Seborrheic Dermatitis
sd_57rotated270.jpg,Seborrheic Dermatitis
sd_35_horizontal.jpg,Seborrheic Dermatitis
sd_12_horizontal.jpg,Seborrheic Dermatitis
sd_49rotated270.jpg,Seborrheic Dermatitis
sd_9.jpg,Seborrheic Dermatitis
sd_23_vertical.jpg,Seborrheic Dermatitis
sd_53_vertical.jpg,Seborrheic Dermatitis
sd_8_vertical.jpg,Seborrheic Dermatitis
sd_48_vertical.jpg,Seborrheic Dermatitis
sd_57rotated90.jpg,Seborrheic Dermatitis
sd_33_horizontal.jpg,Seborrheic Dermatitis
sd_45_horizontal.jpg,Seborrheic Dermatitis
sd_9_horivertical.jpg,Seborrheic Dermatitis
sd_36.jpg,Seborrheic Dermatitis
sd_7_horizontal.jpg,Seborrheic Dermatitis
sd_10rotated270.jpg,Seborrheic Dermatitis
sd_30_vertical.jpg,Seborrheic Dermatitis
sd_21_horizontal.jpg,Seborrheic Dermatitis
sd_27_horizontal.jpg,Seborrheic Dermatitis
sd_22_horizontal.jpg,Seborrheic Dermatitis
sd_45rotated90.jpg,Seborrheic Dermatitis
sd_28_horivertical.jpg,Seborrheic Dermatitis
sd_39rotated180.jpg,Seborrheic Dermatitis
sd_7_vertical.jpg,Seborrheic Dermatitis
sd_16rotated270.jpg,Seborrheic Dermatitis
sd_8rotated270.jpg,Seborrheic Dermatitis
sd_32_horivertical.jpg,Seborrheic Dermatitis
sd_2rotated180.jpg,Seborrheic Dermatitis
sd_4_vertical.jpg,Seborrheic Dermatitis
sd_36_horivertical.jpg,Seborrheic Dermatitis
sd_2rotated90.jpg,Seborrheic Dermatitis
sd_28_vertical.jpg,Seborrheic Dermatitis
sd_31rotated180.jpg,Seborrheic Dermatitis
sd_1rotated90.jpg,Seborrheic Dermatitis
sd_11rotated270.jpg,Seborrheic Dermatitis
sd_22rotated180.jpg,Seborrheic Dermatitis
sd_11_horivertical.jpg,Seborrheic Dermatitis
sd_25rotated90.jpg,Seborrheic Dermatitis
sd_11rotated90.jpg,Seborrheic Dermatitis
sd_46_horivertical.jpg,Seborrheic Dermatitis
sd_31_horizontal.jpg,Seborrheic Dermatitis
sd_30_horizontal.jpg,Seborrheic Dermatitis
sd_23.jpg,Seborrheic Dermatitis
sd_53rotated180.jpg,Seborrheic Dermatitis
sd_52rotated270.jpg,Seborrheic Dermatitis
sd_27rotated270.jpg,Seborrheic Dermatitis
sd_7.jpg,Seborrheic Dermatitis
sd_8rotated180.jpg,Seborrheic Dermatitis
sd_16.jpg,Seborrheic Dermatitis
sd_18rotated270.jpg,Seborrheic Dermatitis
sd_32rotated90.jpg,Seborrheic Dermatitis
sd_3_horizontal.jpg,Seborrheic Dermatitis
sd_19rotated180.jpg,Seborrheic Dermatitis
sd_17_vertical.jpg,Seborrheic Dermatitis
sd_55_horivertical.jpg,Seborrheic Dermatitis
sd_6_horivertical.jpg,Seborrheic Dermatitis
sd_28rotated270.jpg,Seborrheic Dermatitis
sd_50rotated180.jpg,Seborrheic Dermatitis
sd_35_vertical.jpg,Seborrheic Dermatitis
sd_55.jpg,Seborrheic Dermatitis
sd_12rotated90.jpg,Seborrheic Dermatitis
sd_49_horivertical.jpg,Seborrheic Dermatitis
sd_1_vertical.jpg,Seborrheic Dermatitis
sd_15rotated90.jpg,Seborrheic Dermatitis
sd_10rotated180.jpg,Seborrheic Dermatitis
sd_2_horizontal.jpg,Seborrheic Dermatitis
sd_47_horivertical.jpg,Seborrheic Dermatitis
sd_51rotated270.jpg,Seborrheic Dermatitis
sd_10_horivertical.jpg,Seborrheic Dermatitis
sd_45.jpg,Seborrheic Dermatitis
sd_52.jpg,Seborrheic Dermatitis
sd_34_horivertical.jpg,Seborrheic Dermatitis
sd_43_vertical.jpg,Seborrheic Dermatitis
sd_24rotated90.jpg,Seborrheic Dermatitis
sd_28rotated90.jpg,Seborrheic Dermatitis
sd_5_horivertical.jpg,Seborrheic Dermatitis
sd_22_horivertical.jpg,Seborrheic Dermatitis
sd_22rotated270.jpg,Seborrheic Dermatitis
sd_29rotated180.jpg,Seborrheic Dermatitis
sd_9rotated180.jpg,Seborrheic Dermatitis
sd_52_horizontal.jpg,Seborrheic Dermatitis
sd_20rotated180.jpg,Seborrheic Dermatitis
sd_32.jpg,Seborrheic Dermatitis
sd_7rotated270.jpg,Seborrheic Dermatitis
sd_32_vertical.jpg,Seborrheic Dermatitis
sd_46rotated270.jpg,Seborrheic Dermatitis
sd_54.jpg,Seborrheic Dermatitis
sd_42rotated90.jpg,Seborrheic Dermatitis
sd_21_vertical.jpg,Seborrheic Dermatitis
sd_24rotated180.jpg,Seborrheic Dermatitis
sd_2rotated270.jpg,Seborrheic Dermatitis
sd_40_vertical.jpg,Seborrheic Dermatitis
sd_33_horivertical.jpg,Seborrheic Dermatitis
sd_42_horizontal.jpg,Seborrheic Dermatitis
sd_8.jpg,Seborrheic Dermatitis
sd_54_horivertical.jpg,Seborrheic Dermatitis
sd_13rotated90.jpg,Seborrheic Dermatitis
sd_34rotated270.jpg,Seborrheic Dermatitis
sd_32rotated180.jpg,Seborrheic Dermatitis
sd_21.jpg,Seborrheic Dermatitis
sd_47rotated270.jpg,Seborrheic Dermatitis
sd_33.jpg,Seborrheic Dermatitis
sd_3rotated90.jpg,Seborrheic Dermatitis
sd_5.jpg,Seborrheic Dermatitis
sd_17rotated90.jpg,Seborrheic Dermatitis
sd_31_vertical.jpg,Seborrheic Dermatitis
sd_21_horivertical.jpg,Seborrheic Dermatitis
sd_25_vertical.jpg,Seborrheic Dermatitis
sd_30rotated90.jpg,Seborrheic Dermatitis
sd_9rotated90.jpg,Seborrheic Dermatitis
sd_29_horivertical.jpg,Seborrheic Dermatitis
sd_28.jpg,Seborrheic Dermatitis
sd_13_horivertical.jpg,Seborrheic Dermatitis
sd_41rotated180.jpg,Seborrheic Dermatitis
sd_34.jpg,Seborrheic Dermatitis
sd_29rotated90.jpg,Seborrheic Dermatitis
sd_36_horizontal.jpg,Seborrheic Dermatitis
sd_36_vertical.jpg,Seborrheic Dermatitis
sd_36rotated270.jpg,Seborrheic Dermatitis
sd_6rotated90.jpg,Seborrheic Dermatitis
sd_29_horizontal.jpg,Seborrheic Dermatitis
sd_23_horizontal.jpg,Seborrheic Dermatitis
sd_47_horizontal.jpg,Seborrheic Dermatitis
sd_3.jpg,Seborrheic Dermatitis
sd_41rotated90.jpg,Seborrheic Dermatitis
sd_35.jpg,Seborrheic Dermatitis
sd_11_horizontal.jpg,Seborrheic Dermatitis
sd_51rotated180.jpg,Seborrheic Dermatitis
sd_8_horivertical.jpg,Seborrheic Dermatitis
sd_55rotated90.jpg,Seborrheic Dermatitis
sd_5rotated90.jpg,Seborrheic Dermatitis
sd_45_vertical.jpg,Seborrheic Dermatitis
sd_24_vertical.jpg,Seborrheic Dermatitis
sd_30.jpg,Seborrheic Dermatitis
sd_30rotated270.jpg,Seborrheic Dermatitis
sd_56.jpg,Seborrheic Dermatitis
sd_37_horizontal.jpg,Seborrheic Dermatitis
sd_18rotated180.jpg,Seborrheic Dermatitis
sd_5rotated180.jpg,Seborrheic Dermatitis
sd_43_horivertical.jpg,Seborrheic Dermatitis
sd_25_horizontal.jpg,Seborrheic Dermatitis
sd_21rotated270.jpg,Seborrheic Dermatitis
sd_26_vertical.jpg,Seborrheic Dermatitis
sd_16rotated180.jpg,Seborrheic Dermatitis
sd_10_horizontal.jpg,Seborrheic Dermatitis
sd_38rotated180.jpg,Seborrheic Dermatitis
sd_50_horivertical.jpg,Seborrheic Dermatitis
sd_37rotated270.jpg,Seborrheic Dermatitis
sd_55_vertical.jpg,Seborrheic Dermatitis
sd_2_horivertical.jpg,Seborrheic Dermatitis
sd_21rotated180.jpg,Seborrheic Dermatitis
sd_55rotated270.jpg,Seborrheic Dermatitis
sd_15_horizontal.jpg,Seborrheic Dermatitis
sd_25.jpg,Seborrheic Dermatitis
sd_20rotated270.jpg,Seborrheic Dermatitis
sd_8_horizontal.jpg,Seborrheic Dermatitis
sd_15.jpg,Seborrheic Dermatitis
sd_14.jpg,Seborrheic Dermatitis
sd_4_horizontal.jpg,Seborrheic Dermatitis
sd_45rotated270.jpg,Seborrheic Dermatitis
sd_25rotated180.jpg,Seborrheic Dermatitis
sd_18rotated90.jpg,Seborrheic Dermatitis
sd_39rotated90.jpg,Seborrheic Dermatitis
sd_34_vertical.jpg,Seborrheic Dermatitis
sd_17_horizontal.jpg,Seborrheic Dermatitis
sd_49_vertical.jpg,Seborrheic Dermatitis
sd_30rotated180.jpg,Seborrheic Dermatitis
sd_57rotated180.jpg,Seborrheic Dermatitis
sd_17rotated270.jpg,Seborrheic Dermatitis
sd_16rotated90.jpg,Seborrheic Dermatitis
sd_13_horizontal.jpg,Seborrheic Dermatitis
sd_47_vertical.jpg,Seborrheic Dermatitis
sd_54rotated90.jpg,Seborrheic Dermatitis
sd_15_vertical.jpg,Seborrheic Dermatitis
sd_53rotated270.jpg,Seborrheic Dermatitis
sd_31.jpg,Seborrheic Dermatitis
sd_31_horivertical.jpg,Seborrheic Dermatitis
sd_12.jpg,Seborrheic Dermatitis
sd_20_horivertical.jpg,Seborrheic Dermatitis
sd_24_horivertical.jpg,Seborrheic Dermatitis
sd_10rotated90.jpg,Seborrheic Dermatitis
sd_43rotated90.jpg,Seborrheic Dermatitis
sd_55_horizontal.jpg,Seborrheic Dermatitis
sd_36rotated90.jpg,Seborrheic Dermatitis
sd_48_horizontal.jpg,Seborrheic Dermatitis
sd_26.jpg,Seborrheic Dermatitis
sd_5rotated270.jpg,Seborrheic Dermatitis
sd_26rotated180.jpg,Seborrheic Dermatitis
sd_13.jpg,Seborrheic Dermatitis
sd_34rotated180.jpg,Seborrheic Dermatitis
sd_11_vertical.jpg,Seborrheic Dermatitis
sd_26_horizontal.jpg,Seborrheic Dermatitis
sd_18_horivertical.jpg,Seborrheic Dermatitis
sd_52_horivertical.jpg,Seborrheic Dermatitis
sd_44rotated180.jpg,Seborrheic Dermatitis
sd_29.jpg,Seborrheic Dermatitis
sd_8rotated90.jpg,Seborrheic Dermatitis
sd_40rotated90.jpg,Seborrheic Dermatitis
sd_41.jpg,Seborrheic Dermatitis
sd_37_vertical.jpg,Seborrheic Dermatitis
sd_15_horivertical.jpg,Seborrheic Dermatitis
sd_35rotated90.jpg,Seborrheic Dermatitis
sd_40.jpg,Seborrheic Dermatitis
sd_26rotated90.jpg,Seborrheic Dermatitis
sd_31rotated270.jpg,Seborrheic Dermatitis
sd_42_vertical.jpg,Seborrheic Dermatitis
sd_11rotated180.jpg,Seborrheic Dermatitis
sd_37_horivertical.jpg,Seborrheic Dermatitis
sd_50_vertical.jpg,Seborrheic Dermatitis
sd_53_horizontal.jpg,Seborrheic Dermatitis
sd_19.jpg,Seborrheic Dermatitis
sd_56_horivertical.jpg,Seborrheic Dermatitis
sd_41_horizontal.jpg,Seborrheic Dermatitis
sd_26rotated270.jpg,Seborrheic Dermatitis
sd_44_horizontal.jpg,Seborrheic Dermatitis
sd_50rotated270.jpg,Seborrheic Dermatitis
sd_19_horivertical.jpg,Seborrheic Dermatitis
sd_12_horivertical.jpg,Seborrheic Dermatitis
sd_27.jpg,Seborrheic Dermatitis
sd_9rotated270.jpg,Seborrheic Dermatitis
sd_14rotated270.jpg,Seborrheic Dermatitis
sd_42rotated270.jpg,Seborrheic Dermatitis
sd_27_horivertical.jpg,Seborrheic Dermatitis
sd_56_vertical.jpg,Seborrheic Dermatitis
sd_57.jpg,Seborrheic Dermatitis
sd_56rotated180.jpg,Seborrheic Dermatitis
sd_56_horizontal.jpg,Seborrheic Dermatitis
sd_39_vertical.jpg,Seborrheic Dermatitis
sd_15rotated180.jpg,Seborrheic Dermatitis
sd_42.jpg,Seborrheic Dermatitis
sd_44_horivertical.jpg,Seborrheic Dermatitis
sd_52rotated90.jpg,Seborrheic Dermatitis
sd_38rotated90.jpg,Seborrheic Dermatitis
sd_28_horizontal.jpg,Seborrheic Dermatitis
sd_45_horivertical.jpg,Seborrheic Dermatitis
sd_47rotated180.jpg,Seborrheic Dermatitis
sd_38_vertical.jpg,Seborrheic Dermatitis
sd_48rotated90.jpg,Seborrheic Dermatitis
sd_27rotated180.jpg,Seborrheic Dermatitis
sd_12rotated180.jpg,Seborrheic Dermatitis
sd_26_horivertical.jpg,Seborrheic Dermatitis
sd_20rotated90.jpg,Seborrheic Dermatitis
sd_51.jpg,Seborrheic Dermatitis
sd_29_vertical.jpg,Seborrheic Dermatitis
sd_43rotated180.jpg,Seborrheic Dermatitis
sd_4rotated90.jpg,Seborrheic Dermatitis
sd_24.jpg,Seborrheic Dermatitis
sd_19rotated270.jpg,Seborrheic Dermatitis
sd_43.jpg,Seborrheic Dermatitis
sd_41rotated270.jpg,Seborrheic Dermatitis
sd_48rotated270.jpg,Seborrheic Dermatitis
sd_39_horivertical.jpg,Seborrheic Dermatitis
sd_33rotated90.jpg,Seborrheic Dermatitis
sd_52_vertical.jpg,Seborrheic Dermatitis
sd_17_horivertical.jpg,Seborrheic Dermatitis
sd_23rotated90.jpg,Seborrheic Dermatitis
sd_46rotated180.jpg,Seborrheic Dermatitis
sd_33rotated270.jpg,Seborrheic Dermatitis
sd_20.jpg,Seborrheic Dermatitis
sd_12rotated270.jpg,Seborrheic Dermatitis
sd_40rotated270.jpg,Seborrheic Dermatitis
sd_24rotated270.jpg,Seborrheic Dermatitis
sd_23_horivertical.jpg,Seborrheic Dermatitis
sd_47rotated90.jpg,Seborrheic Dermatitis
sd_45rotated180.jpg,Seborrheic Dermatitis
sd_40_horivertical.jpg,Seborrheic Dermatitis
sd_37rotated90.jpg,Seborrheic Dermatitis
sd_6rotated180.jpg,Seborrheic Dermatitis
sd_10_vertical.jpg,Seborrheic Dermatitis
sd_51rotated90.jpg,Seborrheic Dermatitis
sd_49rotated90.jpg,Seborrheic Dermatitis
sd_22rotated90.jpg,Seborrheic Dermatitis
sd_1_horivertical.jpg,Seborrheic Dermatitis
sd_57_horizontal.jpg,Seborrheic Dermatitis
sd_14_horizontal.jpg,Seborrheic Dermatitis
sd_5_horizontal.jpg,Seborrheic Dermatitis
sd_19_horizontal.jpg,Seborrheic Dermatitis
sd_48.jpg,Seborrheic Dermatitis
sd_46rotated90.jpg,Seborrheic Dermatitis
sd_49_horizontal.jpg,Seborrheic Dermatitis
sd_6.jpg,Seborrheic Dermatitis
sd_20_horizontal.jpg,Seborrheic Dermatitis
sd_4.jpg,Seborrheic Dermatitis
sd_50_horizontal.jpg,Seborrheic Dermatitis
sd_42rotated180.jpg,Seborrheic Dermatitis
sd_6_horizontal.jpg,Seborrheic Dermatitis
sd_5_vertical.jpg,Seborrheic Dermatitis
sd_27_vertical.jpg,Seborrheic Dermatitis
sd_38_horizontal.jpg,Seborrheic Dermatitis
sd_44_vertical.jpg,Seborrheic Dermatitis
sd_39_horizontal.jpg,Seborrheic Dermatitis
sd_51_horizontal.jpg,Seborrheic Dermatitis
sd_3rotated180.jpg,Seborrheic Dermatitis
sd_1rotated270.jpg,Seborrheic Dermatitis
sd_57_horivertical.jpg,Seborrheic Dermatitis
sd_38_horivertical.jpg,Seborrheic Dermatitis
sd_44.jpg,Seborrheic Dermatitis
sd_9_horizontal.jpg,Seborrheic Dermatitis
sd_53_horivertical.jpg,Seborrheic Dermatitis
sd_43rotated270.jpg,Seborrheic Dermatitis
sd_27rotated90.jpg,Seborrheic Dermatitis
sd_39.jpg,Seborrheic Dermatitis
sd_14_vertical.jpg,Seborrheic Dermatitis
sd_14rotated180.jpg,Seborrheic Dermatitis
sd_30_horivertical.jpg,Seborrheic Dermatitis
sd_40rotated180.jpg,Seborrheic Dermatitis
sd_16_horizontal.jpg,Seborrheic Dermatitis
sd_46.jpg,Seborrheic Dermatitis
sd_16_horivertical.jpg,Seborrheic Dermatitis
sd_20_vertical.jpg,Seborrheic Dermatitis
sd_4rotated180.jpg,Seborrheic Dermatitis
sd_18_horizontal.jpg,Seborrheic Dermatitis
sd_3_horivertical.jpg,Seborrheic Dermatitis
sd_22.jpg,Seborrheic Dermatitis
sd_31rotated90.jpg,Seborrheic Dermatitis
sd_17.jpg,Seborrheic Dermatitis
sd_3_vertical.jpg,Seborrheic Dermatitis
sd_19_vertical.jpg,Seborrheic Dermatitis
sd_52rotated180.jpg,Seborrheic Dermatitis
sd_40_horizontal.jpg,Seborrheic Dermatitis
sd_17rotated180.jpg,Seborrheic Dermatitis
pr_59_horivertical.jpg,Pityriasis Rosea
pr_21.jpg,Pityriasis Rosea
pr_12_horivertical.jpg,Pityriasis Rosea
pr_62rotated270.jpg,Pityriasis Rosea
pr_53_horivertical.jpg,Pityriasis Rosea
pr_38_vertical.jpg,Pityriasis Rosea
pr_29_vertical.jpg,Pityriasis Rosea
pr_68.jpg,Pityriasis Rosea
pr_57_horivertical.jpg,Pityriasis Rosea
pr_26rotated90.jpg,Pityriasis Rosea
pr_55_vertical.jpg,Pityriasis Rosea
pr_44_horivertical.jpg,Pityriasis Rosea
pr_21rotated90.jpg,Pityriasis Rosea
pr_55rotated270.jpg,Pityriasis Rosea
pr_69_horivertical.jpg,Pityriasis Rosea
pr_18_vertical.jpg,Pityriasis Rosea
pr_15rotated90.jpg,Pityriasis Rosea
pr_69.jpg,Pityriasis Rosea
pr_23rotated90.jpg,Pityriasis Rosea
pr_38_horivertical.jpg,Pityriasis Rosea
pr_45rotated270.jpg,Pityriasis Rosea
pr_15.jpg,Pityriasis Rosea
pr_43_vertical.jpg,Pityriasis Rosea
pr_1rotated270.jpg,Pityriasis Rosea
pr_46_vertical.jpg,Pityriasis Rosea
pr_65_horizontal.jpg,Pityriasis Rosea
pr_12rotated90.jpg,Pityriasis Rosea
pr_20rotated270.jpg,Pityriasis Rosea
pr_2rotated270.jpg,Pityriasis Rosea
pr_45_horivertical.jpg,Pityriasis Rosea
pr_17rotated270.jpg,Pityriasis Rosea
pr_68rotated90.jpg,Pityriasis Rosea
pr_45rotated90.jpg,Pityriasis Rosea
pr_30_horizontal.jpg,Pityriasis Rosea
pr_23rotated180.jpg,Pityriasis Rosea
pr_52_horizontal.jpg,Pityriasis Rosea
pr_39rotated90.jpg,Pityriasis Rosea
pr_10.jpg,Pityriasis Rosea
pr_12.jpg,Pityriasis Rosea
pr_64_horizontal.jpg,Pityriasis Rosea
pr_11_horizontal.jpg,Pityriasis Rosea
pr_20_horivertical.jpg,Pityriasis Rosea
pr_41rotated180.jpg,Pityriasis Rosea
pr_28_horivertical.jpg,Pityriasis Rosea
pr_65_horivertical.jpg,Pityriasis Rosea
pr_5rotated90.jpg,Pityriasis Rosea
pr_4rotated90.jpg,Pityriasis Rosea
pr_2_horizontal.jpg,Pityriasis Rosea
pr_32_vertical.jpg,Pityriasis Rosea
pr_44rotated270.jpg,Pityriasis Rosea
pr_9rotated90.jpg,Pityriasis Rosea
pr_50_vertical.jpg,Pityriasis Rosea
pr_27.jpg,Pityriasis Rosea
pr_30rotated270.jpg,Pityriasis Rosea
pr_25.jpg,Pityriasis Rosea
pr_52rotated180.jpg,Pityriasis Rosea
pr_20rotated90.jpg,Pityriasis Rosea
pr_56rotated270.jpg,Pityriasis Rosea
pr_62_horivertical.jpg,Pityriasis Rosea
pr_58rotated180.jpg,Pityriasis Rosea
pr_8.jpg,Pityriasis Rosea
pr_47rotated270.jpg,Pityriasis Rosea
pr_40_vertical.jpg,Pityriasis Rosea
pr_21rotated270.jpg,Pityriasis Rosea
pr_45rotated180.jpg,Pityriasis Rosea
pr_18_horivertical.jpg,Pityriasis Rosea
pr_9.jpg,Pityriasis Rosea
pr_49.jpg,Pityriasis Rosea
pr_2_horivertical.jpg,Pityriasis Rosea
pr_19_horivertical.jpg,Pityriasis Rosea
pr_65_vertical.jpg,Pityriasis Rosea
pr_53rotated180.jpg,Pityriasis Rosea
pr_5rotated180.jpg,Pityriasis Rosea
pr_18rotated90.jpg,Pityriasis Rosea
pr_38rotated270.jpg,Pityriasis Rosea
pr_7_horivertical.jpg,Pityriasis Rosea
pr_59_horizontal.jpg,Pityriasis Rosea
pr_36rotated180.jpg,Pityriasis Rosea
pr_53.jpg,Pityriasis Rosea
pr_54rotated270.jpg,Pityriasis Rosea
pr_9_horizontal.jpg,Pityriasis Rosea
pr_70rotated90.jpg,Pityriasis Rosea
pr_51rotated180.jpg,Pityriasis Rosea
pr_33_horizontal.jpg,Pityriasis Rosea
pr_17_vertical.jpg,Pityriasis Rosea
pr_61rotated90.jpg,Pityriasis Rosea
pr_8_horivertical.jpg,Pityriasis Rosea
pr_23_horivertical.jpg,Pityriasis Rosea
pr_26_horizontal.jpg,Pityriasis Rosea
pr_34.jpg,Pityriasis Rosea
pr_56_horizontal.jpg,Pityriasis Rosea
pr_41rotated90.jpg,Pityriasis Rosea
pr_53_horizontal.jpg,Pityriasis Rosea
pr_66_vertical.jpg,Pityriasis Rosea
pr_57rotated90.jpg,Pityriasis Rosea
pr_68rotated180.jpg,Pityriasis Rosea
pr_3_vertical.jpg,Pityriasis Rosea
pr_69rotated90.jpg,Pityriasis Rosea
pr_63rotated90.jpg,Pityriasis Rosea
pr_22.jpg,Pityriasis Rosea
pr_61.jpg,Pityriasis Rosea
pr_24_horivertical.jpg,Pityriasis Rosea
pr_3_horizontal.jpg,Pityriasis Rosea
pr_67rotated180.jpg,Pityriasis Rosea
pr_5rotated270.jpg,Pityriasis Rosea
pr_19.jpg,Pityriasis Rosea
pr_39.jpg,Pityriasis Rosea
pr_40.jpg,Pityriasis Rosea
pr_68_horizontal.jpg,Pityriasis Rosea
pr_7_vertical.jpg,Pityriasis Rosea
pr_6_horizontal.jpg,Pityriasis Rosea
pr_70rotated180.jpg,Pityriasis Rosea
pr_28_horizontal.jpg,Pityriasis Rosea
pr_51.jpg,Pityriasis Rosea
pr_2.jpg,Pityriasis Rosea
pr_27_horivertical.jpg,Pityriasis Rosea
pr_50rotated180.jpg,Pityriasis Rosea
pr_12rotated180.jpg,Pityriasis Rosea
pr_35_vertical.jpg,Pityriasis Rosea
pr_21rotated180.jpg,Pityriasis Rosea
pr_32.jpg,Pityriasis Rosea
pr_11.jpg,Pityriasis Rosea
pr_21_vertical.jpg,Pityriasis Rosea
pr_26_vertical.jpg,Pityriasis Rosea
pr_48.jpg,Pityriasis Rosea
pr_67.jpg,Pityriasis Rosea
pr_10_horivertical.jpg,Pityriasis Rosea
pr_48rotated180.jpg,Pityriasis Rosea
pr_70_horizontal.jpg,Pityriasis Rosea
pr_4_horivertical.jpg,Pityriasis Rosea
pr_25_horivertical.jpg,Pityriasis Rosea
pr_57rotated270.jpg,Pityriasis Rosea
pr_51rotated270.jpg,Pityriasis Rosea
pr_66.jpg,Pityriasis Rosea
pr_39_vertical.jpg,Pityriasis Rosea
pr_31rotated270.jpg,Pityriasis Rosea
pr_35rotated270.jpg,Pityriasis Rosea
pr_13_horivertical.jpg,Pityriasis Rosea
pr_34_horizontal.jpg,Pityriasis Rosea
pr_43rotated180.jpg,Pityriasis Rosea
pr_55rotated90.jpg,Pityriasis Rosea
pr_37_horivertical.jpg,Pityriasis Rosea
pr_47.jpg,Pityriasis Rosea
pr_31_vertical.jpg,Pityriasis Rosea
pr_50_horizontal.jpg,Pityriasis Rosea
pr_11rotated180.jpg,Pityriasis Rosea
pr_66_horizontal.jpg,Pityriasis Rosea
pr_68_horivertical.jpg,Pityriasis Rosea
pr_56rotated90.jpg,Pityriasis Rosea
pr_65rotated90.jpg,Pityriasis Rosea
pr_35_horizontal.jpg,Pityriasis Rosea
pr_60rotated270.jpg,Pityriasis Rosea
pr_36_vertical.jpg,Pityriasis Rosea
pr_41_horivertical.jpg,Pityriasis Rosea
pr_13.jpg,Pityriasis Rosea
pr_69rotated270.jpg,Pityriasis Rosea
pr_13rotated90.jpg,Pityriasis Rosea
pr_17_horizontal.jpg,Pityriasis Rosea
pr_40rotated270.jpg,Pityriasis Rosea
pr_70_vertical.jpg,Pityriasis Rosea
pr_23.jpg,Pityriasis Rosea
pr_32rotated90.jpg,Pityriasis Rosea
pr_70.jpg,Pityriasis Rosea
pr_46rotated180.jpg,Pityriasis Rosea
pr_54_vertical.jpg,Pityriasis Rosea
pr_39_horizontal.jpg,Pityriasis Rosea
pr_66rotated180.jpg,Pityriasis Rosea
pr_29.jpg,Pityriasis Rosea
pr_10_vertical.jpg,Pityriasis Rosea
pr_48rotated270.jpg,Pityriasis Rosea
pr_11rotated90.jpg,Pityriasis Rosea
pr_48rotated90.jpg,Pityriasis Rosea
pr_41_horizontal.jpg,Pityriasis Rosea
pr_36_horizontal.jpg,Pityriasis Rosea
pr_59rotated90.jpg,Pityriasis Rosea
pr_18_horizontal.jpg,Pityriasis Rosea
pr_38_horizontal.jpg,Pityriasis Rosea
pr_63.jpg,Pityriasis Rosea
pr_29rotated90.jpg,Pityriasis Rosea
pr_14_vertical.jpg,Pityriasis Rosea
pr_62_horizontal.jpg,Pityriasis Rosea
pr_34rotated270.jpg,Pityriasis Rosea
pr_29_horizontal.jpg,Pityriasis Rosea
pr_33.jpg,Pityriasis Rosea
pr_49_horizontal.jpg,Pityriasis Rosea
pr_19_horizontal.jpg,Pityriasis Rosea
pr_53rotated270.jpg,Pityriasis Rosea
pr_62rotated90.jpg,Pityriasis Rosea
pr_25rotated90.jpg,Pityriasis Rosea
pr_6rotated180.jpg,Pityriasis Rosea
pr_44rotated90.jpg,Pityriasis Rosea
pr_16_horizontal.jpg,Pityriasis Rosea
pr_12_horizontal.jpg,Pityriasis Rosea
pr_44rotated180.jpg,Pityriasis Rosea
pr_63rotated180.jpg,Pityriasis Rosea
pr_69_vertical.jpg,Pityriasis Rosea
pr_16_horivertical.jpg,Pityriasis Rosea
pr_37rotated270.jpg,Pityriasis Rosea
pr_28rotated180.jpg,Pityriasis Rosea
pr_43rotated90.jpg,Pityriasis Rosea
pr_68_vertical.jpg,Pityriasis Rosea
pr_44_vertical.jpg,Pityriasis Rosea
pr_69_horizontal.jpg,Pityriasis Rosea
pr_68rotated270.jpg,Pityriasis Rosea
pr_30rotated180.jpg,Pityriasis Rosea
pr_51_horivertical.jpg,Pityriasis Rosea
pr_37rotated180.jpg,Pityriasis Rosea
pr_55.jpg,Pityriasis Rosea
pr_9rotated180.jpg,Pityriasis Rosea
pr_35rotated180.jpg,Pityriasis Rosea
pr_10rotated90.jpg,Pityriasis Rosea
pr_6rotated270.jpg,Pityriasis Rosea
pr_46_horivertical.jpg,Pityriasis Rosea
pr_58_vertical.jpg,Pityriasis Rosea
pr_63_horivertical.jpg,Pityriasis Rosea
pr_55_horizontal.jpg,Pityriasis Rosea
pr_22_vertical.jpg,Pityriasis Rosea
pr_19rotated90.jpg,Pityriasis Rosea
pr_54rotated180.jpg,Pityriasis Rosea
pr_23rotated270.jpg,Pityriasis Rosea
pr_2rotated180.jpg,Pityriasis Rosea
pr_6.jpg,Pityriasis Rosea
pr_4.jpg,Pityriasis Rosea
pr_54_horizontal.jpg,Pityriasis Rosea
pr_50rotated90.jpg,Pityriasis Rosea
pr_48_horivertical.jpg,Pityriasis Rosea
pr_27rotated90.jpg,Pityriasis Rosea
pr_32_horivertical.jpg,Pityriasis Rosea
pr_56_horivertical.jpg,Pityriasis Rosea
pr_59.jpg,Pityriasis Rosea
pr_24.jpg,Pityriasis Rosea
pr_20_vertical.jpg,Pityriasis Rosea
pr_66_horivertical.jpg,Pityriasis Rosea
pr_39rotated180.jpg,Pityriasis Rosea
pr_10rotated270.jpg,Pityriasis Rosea
pr_28rotated90.jpg,Pityriasis Rosea
pr_7rotated270.jpg,Pityriasis Rosea
pr_50_horivertical.jpg,Pityriasis Rosea
pr_9_horivertical.jpg,Pityriasis Rosea
pr_60_horizontal.jpg,Pityriasis Rosea
pr_57_vertical.jpg,Pityriasis Rosea
pr_52rotated90.jpg,Pityriasis Rosea
pr_63rotated270.jpg,Pityriasis Rosea
pr_7rotated90.jpg,Pityriasis Rosea
pr_1_vertical.jpg,Pityriasis Rosea
pr_60.jpg,Pityriasis Rosea
pr_35.jpg,Pityriasis Rosea
pr_38.jpg,Pityriasis Rosea
pr_20_horizontal.jpg,Pityriasis Rosea
pr_33_horivertical.jpg,Pityriasis Rosea
pr_29rotated270.jpg,Pityriasis Rosea
pr_26rotated180.jpg,Pityriasis Rosea
pr_5_vertical.jpg,Pityriasis Rosea
pr_8_horizontal.jpg,Pityriasis Rosea
pr_44.jpg,Pityriasis Rosea
pr_34_vertical.jpg,Pityriasis Rosea
pr_10_horizontal.jpg,Pityriasis Rosea
pr_59_vertical.jpg,Pityriasis Rosea
pr_36rotated90.jpg,Pityriasis Rosea
pr_66rotated90.jpg,Pityriasis Rosea
pr_14rotated270.jpg,Pityriasis Rosea
pr_8_vertical.jpg,Pityriasis Rosea
pr_61rotated270.jpg,Pityriasis Rosea
pr_57_horizontal.jpg,Pityriasis Rosea
pr_1_horizontal.jpg,Pityriasis Rosea
pr_43_horivertical.jpg,Pityriasis Rosea
pr_45_horizontal.jpg,Pityriasis Rosea
pr_48_vertical.jpg,Pityriasis Rosea
pr_1.jpg,Pityriasis Rosea
pr_37_vertical.jpg,Pityriasis Rosea
pr_44_horizontal.jpg,Pityriasis Rosea
pr_65rotated270.jpg,Pityriasis Rosea
pr_29rotated180.jpg,Pityriasis Rosea
pr_23_vertical.jpg,Pityriasis Rosea
pr_52_horivertical.jpg,Pityriasis Rosea
pr_32_horizontal.jpg,Pityriasis Rosea
pr_24rotated180.jpg,Pityriasis Rosea
pr_31_horizontal.jpg,Pityriasis Rosea
pr_43_horizontal.jpg,Pityriasis Rosea
pr_1rotated90.jpg,Pityriasis Rosea
pr_27_vertical.jpg,Pityriasis Rosea
pr_30.jpg,Pityriasis Rosea
pr_27_horizontal.jpg,Pityriasis Rosea
pr_36rotated270.jpg,Pityriasis Rosea
pr_46rotated90.jpg,Pityriasis Rosea
pr_67rotated90.jpg,Pityriasis Rosea
pr_2_vertical.jpg,Pityriasis Rosea
pr_14_horizontal.jpg,Pityriasis Rosea
pr_3rotated270.jpg,Pityriasis Rosea
pr_18.jpg,Pityriasis Rosea
pr_51_horizontal.jpg,Pityriasis Rosea
pr_45.jpg,Pityriasis Rosea
pr_13_horizontal.jpg,Pityriasis Rosea
pr_64.jpg,Pityriasis Rosea
pr_29_horivertical.jpg,Pityriasis Rosea
pr_17rotated90.jpg,Pityriasis Rosea
pr_1_horivertical.jpg,Pityriasis Rosea
pr_14rotated180.jpg,Pityriasis Rosea
pr_3.jpg,Pityriasis Rosea
pr_47rotated180.jpg,Pityriasis Rosea
pr_18rotated270.jpg,Pityriasis Rosea
pr_64rotated270.jpg,Pityriasis Rosea
pr_37.jpg,Pityriasis Rosea
pr_24_horizontal.jpg,Pityriasis Rosea
pr_31rotated90.jpg,Pityriasis Rosea
pr_19_vertical.jpg,Pityriasis Rosea
pr_5.jpg,Pityriasis Rosea
pr_41.jpg,Pityriasis Rosea
pr_53rotated90.jpg,Pityriasis Rosea
pr_67rotated270.jpg,Pityriasis Rosea
pr_57rotated180.jpg,Pityriasis Rosea
pr_61_horivertical.jpg,Pityriasis Rosea
pr_19rotated180.jpg,Pityriasis Rosea
pr_33_vertical.jpg,Pityriasis Rosea
pr_46_horizontal.jpg,Pityriasis Rosea
pr_47_vertical.jpg,Pityriasis Rosea
pr_31_horivertical.jpg,Pityriasis Rosea
pr_64_vertical.jpg,Pityriasis Rosea
pr_12_vertical.jpg,Pityriasis Rosea
pr_63_vertical.jpg,Pityriasis Rosea
pr_20.jpg,Pityriasis Rosea
pr_67_horizontal.jpg,Pityriasis Rosea
pr_4rotated270.jpg,Pityriasis Rosea
pr_25rotated180.jpg,Pityriasis Rosea
pr_59rotated180.jpg,Pityriasis Rosea
pr_65rotated180.jpg,Pityriasis Rosea
pr_33rotated180.jpg,Pityriasis Rosea
pr_40_horizontal.jpg,Pityriasis Rosea
pr_13rotated270.jpg,Pityriasis Rosea
pr_13_vertical.jpg,Pityriasis Rosea
pr_46.jpg,Pityriasis Rosea
pr_39_horivertical.jpg,Pityriasis Rosea
pr_60rotated90.jpg,Pityriasis Rosea
pr_6rotated90.jpg,Pityriasis Rosea
pr_52_vertical.jpg,Pityriasis Rosea
pr_21_horizontal.jpg,Pityriasis Rosea
pr_4_horizontal.jpg,Pityriasis Rosea
pr_11rotated270.jpg,Pityriasis Rosea
pr_37_horizontal.jpg,Pityriasis Rosea
pr_41rotated270.jpg,Pityriasis Rosea
pr_30_vertical.jpg,Pityriasis Rosea
pr_23_horizontal.jpg,Pityriasis Rosea
pr_37rotated90.jpg,Pityriasis Rosea
pr_16rotated90.jpg,Pityriasis Rosea
pr_60rotated180.jpg,Pityriasis Rosea
pr_24rotated270.jpg,Pityriasis Rosea
pr_54_horivertical.jpg,Pityriasis Rosea
pr_8rotated270.jpg,Pityriasis Rosea
pr_38rotated90.jpg,Pityriasis Rosea
pr_17rotated180.jpg,Pityriasis Rosea
pr_30rotated90.jpg,Pityriasis Rosea
pr_18rotated180.jpg,Pityriasis Rosea
pr_25_vertical.jpg,Pityriasis Rosea
pr_47rotated90.jpg,Pityriasis Rosea
pr_21_horivertical.jpg,Pityriasis Rosea
pr_59rotated270.jpg,Pityriasis Rosea
pr_32rotated180.jpg,Pityriasis Rosea
pr_47_horizontal.jpg,Pityriasis Rosea
pr_17_horivertical.jpg,Pityriasis Rosea
pr_16rotated270.jpg,Pityriasis Rosea
pr_3rotated90.jpg,Pityriasis Rosea
pr_52rotated270.jpg,Pityriasis Rosea
pr_65.jpg,Pityriasis Rosea
pr_60_horivertical.jpg,Pityriasis Rosea
pr_35rotated90.jpg,Pityriasis Rosea
pr_6_horivertical.jpg,Pityriasis Rosea
pr_60_vertical.jpg,Pityriasis Rosea
pr_8rotated180.jpg,Pityriasis Rosea
pr_64rotated180.jpg,Pityriasis Rosea
pr_22rotated180.jpg,Pityriasis Rosea
pr_27rotated180.jpg,Pityriasis Rosea
pr_7rotated180.jpg,Pityriasis Rosea
pr_36_horivertical.jpg,Pityriasis Rosea
pr_54.jpg,Pityriasis Rosea
pr_41_vertical.jpg,Pityriasis Rosea
pr_20rotated180.jpg,Pityriasis Rosea
pr_28rotated270.jpg,Pityriasis Rosea
pr_19rotated270.jpg,Pityriasis Rosea
pr_48_horizontal.jpg,Pityriasis Rosea
pr_25_horizontal.jpg,Pityriasis Rosea
pr_22_horivertical.jpg,Pityriasis Rosea
pr_31.jpg,Pityriasis Rosea
pr_24_vertical.jpg,Pityriasis Rosea
pr_46rotated270.jpg,Pityriasis Rosea
pr_25rotated270.jpg,Pityriasis Rosea
pr_49rotated180.jpg,Pityriasis Rosea
pr_52.jpg,Pityriasis Rosea
pr_14.jpg,Pityriasis Rosea
pr_24rotated90.jpg,Pityriasis Rosea
pr_64rotated90.jpg,Pityriasis Rosea
pr_58_horizontal.jpg,Pityriasis Rosea
pr_63_horizontal.jpg,Pityriasis Rosea
pr_12rotated270.jpg,Pityriasis Rosea
pr_31rotated180.jpg,Pityriasis Rosea
pr_40rotated180.jpg,Pityriasis Rosea
pr_2rotated90.jpg,Pityriasis Rosea
pr_61rotated180.jpg,Pityriasis Rosea
pr_58rotated90.jpg,Pityriasis Rosea
pr_14rotated90.jpg,Pityriasis Rosea
pr_32rotated270.jpg,Pityriasis Rosea
pr_26.jpg,Pityriasis Rosea
pr_49_vertical.jpg,Pityriasis Rosea
pr_56.jpg,Pityriasis Rosea
pr_26rotated270.jpg,Pityriasis Rosea
pr_66rotated270.jpg,Pityriasis Rosea
pr_4_vertical.jpg,Pityriasis Rosea
pr_54rotated90.jpg,Pityriasis Rosea
pr_34rotated90.jpg,Pityriasis Rosea
pr_57.jpg,Pityriasis Rosea
pr_58rotated270.jpg,Pityriasis Rosea
pr_50.jpg,Pityriasis Rosea
pr_15_horizontal.jpg,Pityriasis Rosea
pr_51_vertical.jpg,Pityriasis Rosea
pr_3_horivertical.jpg,Pityriasis Rosea
pr_43rotated270.jpg,Pityriasis Rosea
pr_16rotated180.jpg,Pityriasis Rosea
pr_62.jpg,Pityriasis Rosea
pr_16_vertical.jpg,Pityriasis Rosea
pr_49_horivertical.jpg,Pityriasis Rosea
pr_15rotated270.jpg,Pityriasis Rosea
pr_62rotated180.jpg,Pityriasis Rosea
pr_40_horivertical.jpg,Pityriasis Rosea
pr_47_horivertical.jpg,Pityriasis Rosea
pr_22rotated270.jpg,Pityriasis Rosea
pr_26_horivertical.jpg,Pityriasis Rosea
pr_14_horivertical.jpg,Pityriasis Rosea
pr_5_horizontal.jpg,Pityriasis Rosea
pr_6_vertical.jpg,Pityriasis Rosea
pr_15_horivertical.jpg,Pityriasis Rosea
pr_61_horizontal.jpg,Pityriasis Rosea
pr_10rotated180.jpg,Pityriasis Rosea
pr_61_vertical.jpg,Pityriasis Rosea
pr_51rotated90.jpg,Pityriasis Rosea
pr_3rotated180.jpg,Pityriasis Rosea
pr_35_horivertical.jpg,Pityriasis Rosea
pr_33rotated270.jpg,Pityriasis Rosea
pr_55rotated180.jpg,Pityriasis Rosea
pr_7_horizontal.jpg,Pityriasis Rosea
pr_56_vertical.jpg,Pityriasis Rosea
pr_9_vertical.jpg,Pityriasis Rosea
pr_50rotated270.jpg,Pityriasis Rosea
pr_16.jpg,Pityriasis Rosea
pr_56rotated180.jpg,Pityriasis Rosea
pr_7.jpg,Pityriasis Rosea
pr_49rotated90.jpg,Pityriasis Rosea
pr_64_horivertical.jpg,Pityriasis Rosea
pr_67_horivertical.jpg,Pityriasis Rosea
pr_11_vertical.jpg,Pityriasis Rosea
pr_45_vertical.jpg,Pityriasis Rosea
pr_15_vertical.jpg,Pityriasis Rosea
pr_1rotated180.jpg,Pityriasis Rosea
pr_27rotated270.jpg,Pityriasis Rosea
pr_33rotated90.jpg,Pityriasis Rosea
pr_58_horivertical.jpg,Pityriasis Rosea
pr_43.jpg,Pityriasis Rosea
pr_15rotated180.jpg,Pityriasis Rosea
pr_58.jpg,Pityriasis Rosea
pr_4rotated180.jpg,Pityriasis Rosea
pr_70_horivertical.jpg,Pityriasis Rosea
pr_34rotated180.jpg,Pityriasis Rosea
pr_17.jpg,Pityriasis Rosea
pr_67_vertical.jpg,Pityriasis Rosea
pr_11_horivertical.jpg,Pityriasis Rosea
pr_34_horivertical.jpg,Pityriasis Rosea
pr_53_vertical.jpg,Pityriasis Rosea
pr_36.jpg,Pityriasis Rosea
pr_8rotated90.jpg,Pityriasis Rosea
pr_69rotated180.jpg,Pityriasis Rosea
pr_39rotated270.jpg,Pityriasis Rosea
pr_28_vertical.jpg,Pityriasis Rosea
pr_22_horizontal.jpg,Pityriasis Rosea
pr_22rotated90.jpg,Pityriasis Rosea
pr_13rotated180.jpg,Pityriasis Rosea
pr_30_horivertical.jpg,Pityriasis Rosea
pr_5_horivertical.jpg,Pityriasis Rosea
pr_40rotated90.jpg,Pityriasis Rosea
pr_70rotated270.jpg,Pityriasis Rosea
pr_62_vertical.jpg,Pityriasis Rosea
pr_28.jpg,Pityriasis Rosea
pr_49rotated270.jpg,Pityriasis Rosea
pr_55_horivertical.jpg,Pityriasis Rosea
pr_38rotated180.jpg,Pityriasis Rosea
pr_9rotated270.jpg,Pityriasis Rosea
